Unnamed: 0,date,competition_name,city,pool_length,distance,style,age_category,athlete,sex,age,club,time,points,place,fpm
0,04.01.2025,Рождественский Кубок 2025,Санкт-Петербург,25,100,Вольный стиль ,70 - 74,БЕЛИНСКАЯ Наталья,ж,71,Невские звёзды,1:32.03,551,1,True
1,04.01.2025,Рождественский Кубок 2025,Санкт-Петербург,25,100,Вольный стиль ,70 - 74,СБОЕВА Ирина,ж,72,Тройка,1:50.51,318,2,True
2,04.01.2025,Рождественский Кубок 2025,Санкт-Петербург,25,100,Вольный стиль ,65 - 69,КЕДРОВА Ольга,ж,65,Невские звёзды,1:16.89,721,1,True
3,04.01.2025,Рождественский Кубок 2025,Санкт-Петербург,25,100,Вольный стиль ,60 - 64,ТИХОМИРОВА Татьяна,ж,61,Фитнес Хаус,1:11.40,765,1,True
4,04.01.2025,Рождественский Кубок 2025,Санкт-Петербург,25,100,Вольный стиль ,60 - 64,КОРОТКОВА Марина,ж,64,Невские звёзды,1:19.31,558,2,True
5,04.01.2025,Рождественский Кубок 2025,Санкт-Петербург,25,100,Вольный стиль ,60 - 64,СМИРНОВА Любовь,ж,60,Гидра Мастерс,1:29.46,389,3,True
6,04.01.2025,Рождественский Кубок 2025,Санкт-Петербург,25,100,Вольный стиль ,60 - 64,ПАВЛОВА Елена,ж,60,Невские звёзды,1:34.07,334,4,True
7,04.01.2025,Рождественский Кубок 2025,Санкт-Петербург,25,100,Вольный стиль ,55 - 59,БОЕВА Юлия,ж,56,Олимп,1:08.46,750,1,True
8,04.01.2025,Рождественский Кубок 2025,Санкт-Петербург,25,100,Вольный стиль ,55 - 59,ПЛОТНИЦКАЯ Светлана,ж,57,Свимлайф Мастерс,1:08.60,745,2,True
9,04.01.2025,Рождественский Кубок 2025,Санкт-Петербург,25,100,Вольный стиль ,50 - 54,ХОРС Елена,ж,50,Тройка,1:09.84,652,1,True
10,04.01.2025,Рождественский Кубок 2025,Санкт-Петербург,25,100,Вольный стиль ,50 - 54,БАСКАКОВА Снежана,ж,51,Тройка,1:11.65,604,2,True
11,04.01.2025,Рождественский Кубок 2025,Санкт-Петербург,25,100,Вольный стиль ,50 - 54,ТИТОВА Татьяна,ж,53,Гидра Мастерс,1:24.89,363,3,True
12,04.01.2025,Рождественский Кубок 2025,Санкт-Петербург,25,100,Вольный стиль ,50 - 54,ИВАНОВА Лилия,ж,50,Фитнес Хаус,1:32.44,281,4,True
13,04.01.2025,Рождественский Кубок 2025,Санкт-Петербург,25,100,Вольный стиль ,50 - 54,ШЕВЧУК Людмила,ж,51,Сириус СПб,1:35.07,258,5,True
14,04.01.2025,Рождественский Кубок 2025,Санкт-Петербург,25,100,Вольный стиль ,45 - 49,ГРИНЬ Ульяна,ж,48,Радуга,1:12.31,544,2,True
15,04.01.2025,Рождественский Кубок 2025,Санкт-Петербург,25,100,Вольный стиль ,40 - 44,ЦАРЬКОВА Инга,ж,42,Свимлайф Мастерс,1:03.49,764,1,True
16,04.01.2025,Рождественский Кубок 2025,Санкт-Петербург,25,100,Вольный стиль ,40 - 44,ПОСТНИКОВА Екатерина,ж,42,Невские звёзды,1:19.83,384,2,True
17,04.01.2025,Рождественский Кубок 2025,Санкт-Петербург,25,100,Вольный стиль ,35 - 39,БРЫНЦЕВА Евгения,ж,37,Мэд Вейв,1:00.23,876,1,True
18,04.01.2025,Рождественский Кубок 2025,Санкт-Петербург,25,100,Вольный стиль ,35 - 39,КАЛАШНИКОВА Юлия,ж,38,Свимлайф Мастерс,1:04.04,728,2,True
19,04.01.2025,Рождественский Кубок 2025,Санкт-Петербург,25,100,Вольный стиль ,35 - 39,НОВИКОВА Анна,ж,38,Гравити Спорт,1:08.03,607,3,True
20,04.01.2025,Рождественский Кубок 2025,Санкт-Петербург,25,100,Вольный стиль ,35 - 39,МОРОЗОВА Анастасия,ж,35,Фитнес Хаус,1:08.18,603,4,True
21,04.01.2025,Рождественский Кубок 2025,Санкт-Петербург,25,100,Вольный стиль ,35 - 39,ДУДИНА Анастасия,ж,36,Фитнес Хаус,1:09.92,559,5,True
22,04.01.2025,Рождественский Кубок 2025,Санкт-Петербург,25,100,Вольный стиль ,35 - 39,МАРЧЕНКОВА Алина,ж,36,Драфт,1:10.52,545,6,True
23,04.01.2025,Рождественский Кубок 2025,Санкт-Петербург,25,100,Вольный стиль ,35 - 39,ЛЕБЕДЕВА Евгения,ж,38,ТимКулик Мастерс,1:12.86,494,7,True
24,04.01.2025,Рождественский Кубок 2025,Санкт-Петербург,25,100,Вольный стиль ,35 - 39,СУРОВЦОВА Марина,ж,39,ТимКулик Мастерс,1:13.64,479,8,True
25,04.01.2025,Рождественский Кубок 2025,Санкт-Петербург,25,100,Вольный стиль ,35 - 39,ДУБРОВСКАЯ Екатерина,ж,37,Гидра Мастерс,1:13.89,474,9,True
26,04.01.2025,Рождественский Кубок 2025,Санкт-Петербург,25,100,Вольный стиль ,30 - 34,СЕМЕНОВА София,ж,30,Свимлайф Мастерс,1:02.04,727,1,True
27,04.01.2025,Рождественский Кубок 2025,Санкт-Петербург,25,100,Вольный стиль ,30 - 34,АЛЕКСЕЕВА Анастасия,ж,34,Невские звёзды,1:05.80,609,2,True
28,04.01.2025,Рождественский Кубок 2025,Санкт-Петербург,25,100,Вольный стиль ,25 - 29,РАЗУВАЕВА Анна,ж,28,ЦСКА,1:02.63,677,1,True
29,04.01.2025,Рождественский Кубок 2025,Санкт-Петербург,25,100,Вольный стиль ,25 - 29,КОНОВАЛОВА Антонина,ж,26,Тройка,1:03.36,654,2,True
30,04.01.2025,Рождественский Кубок 2025,Санкт-Петербург,25,100,Вольный стиль ,25 - 29,ДАНИЛЕВИЧ Дарья,ж,26,Невские звёзды,1:12.71,433,5,True
31,04.01.2025,Рождественский Кубок 2025,Санкт-Петербург,25,100,Вольный стиль ,75 - 79,ПЕТКАУ Олег,м,78,Невские звёзды,1:19.57,666,1,True
32,04.01.2025,Рождественский Кубок 2025,Санкт-Петербург,25,100,Вольный стиль ,75 - 79,НЕФЕДОВ Владимир,м,76,Невские звёзды,1:23.84,569,2,True
33,04.01.2025,Рождественский Кубок 2025,Санкт-Петербург,25,100,Вольный стиль ,75 - 79,ЛАМДЕН Константин,м,78,Сириус СПб,1:51.06,245,3,True
34,04.01.2025,Рождественский Кубок 2025,Санкт-Петербург,25,100,Вольный стиль ,70 - 74,ГРИЧЕНКОВ Иван,м,74,Гидра Мастерс,1:20.40,530,2,True
35,04.01.2025,Рождественский Кубок 2025,Санкт-Петербург,25,100,Вольный стиль ,65 - 69,СЕМЕНОВ Андрей,м,65,Урал,1:08.45,664,1,True
36,04.01.2025,Рождественский Кубок 2025,Санкт-Петербург,25,100,Вольный стиль ,65 - 69,БУБЛИКОВ Константин,м,66,Невские звёзды,1:08.84,653,2,True
37,04.01.2025,Рождественский Кубок 2025,Санкт-Петербург,25,100,Вольный стиль ,65 - 69,ПУЛИНЕЦ Вадим,м,66,Невские звёзды,1:11.67,579,3,True
38,04.01.2025,Рождественский Кубок 2025,Санкт-Петербург,25,100,Вольный стиль ,65 - 69,АНТИПОВ Александр,м,69,Солнечногорье,1:18.35,443,4,True
39,04.01.2025,Рождественский Кубок 2025,Санкт-Петербург,25,100,Вольный стиль ,65 - 69,КАНАЕВ Николай,м,69,Сириус СПб,1:26.12,333,5,True
40,04.01.2025,Рождественский Кубок 2025,Санкт-Петербург,25,100,Вольный стиль ,60 - 64,ТРУСОВ Алексей,м,61,Спрут,1:02.96,749,1,True
41,04.01.2025,Рождественский Кубок 2025,Санкт-Петербург,25,100,Вольный стиль ,60 - 64,РУДЕНКО Виктор,м,62,Гидра Мастерс,1:10.69,529,3,True
42,04.01.2025,Рождественский Кубок 2025,Санкт-Петербург,25,100,Вольный стиль ,60 - 64,КОВАЛЬ Евгений,м,61,МКМП,1:10.82,526,4,True
43,04.01.2025,Рождественский Кубок 2025,Санкт-Петербург,25,100,Вольный стиль ,60 - 64,СМИРНОВ Игорь,м,60,Фитнес Хаус,1:10.98,523,5,True
44,04.01.2025,Рождественский Кубок 2025,Санкт-Петербург,25,100,Вольный стиль ,60 - 64,СИЗИКОВ Геннадий,м,62,Мордовские Лисы,1:11.31,516,6,True
45,04.01.2025,Рождественский Кубок 2025,Санкт-Петербург,25,100,Вольный стиль ,60 - 64,ПАВЛОВ Роман,м,63,Спрут,1:20.59,357,7,True
46,04.01.2025,Рождественский Кубок 2025,Санкт-Петербург,25,100,Вольный стиль ,60 - 64,ЛЫСКОВ Александр,м,61,ЦСКА,1:22.90,328,8,True
47,04.01.2025,Рождественский Кубок 2025,Санкт-Петербург,25,100,Вольный стиль ,55 - 59,БАЛЯКОВ Дмитрий,м,59,Невские звёзды,59.25,812,1,True
48,04.01.2025,Рождественский Кубок 2025,Санкт-Петербург,25,100,Вольный стиль ,55 - 59,ЕФИМОВ Петр,м,57,Невские звёзды,1:03.03,675,2,True
49,04.01.2025,Рождественский Кубок 2025,Санкт-Петербург,25,100,Вольный стиль ,55 - 59,ЗАЙЧЕНКО Дмитрий,м,55,Фитнес Хаус,1:07.07,560,3,True
50,04.01.2025,Рождественский Кубок 2025,Санкт-Петербург,25,100,Вольный стиль ,55 - 59,БЕЛОЗЕРЦЕВ Юрий,м,56,Касатка,1:07.15,558,4,True
51,04.01.2025,Рождественский Кубок 2025,Санкт-Петербург,25,100,Вольный стиль ,55 - 59,ПАВЛОВ Павел,м,55,Олимп,1:12.30,447,5,True
52,04.01.2025,Рождественский Кубок 2025,Санкт-Петербург,25,100,Вольный стиль ,55 - 59,ТИТОВ Константин,м,57,АСМ,1:15.06,399,6,True
53,04.01.2025,Рождественский Кубок 2025,Санкт-Петербург,25,100,Вольный стиль ,50 - 54,РУДАКОВ Александр,м,50,КВСП,1:01.24,664,1,True
54,04.01.2025,Рождественский Кубок 2025,Санкт-Петербург,25,100,Вольный стиль ,45 - 49,АЛЕКСЕЕВ Андрей,м,46,АСМ,57.03,775,1,True
55,04.01.2025,Рождественский Кубок 2025,Санкт-Петербург,25,100,Вольный стиль ,45 - 49,КРАСОВ Михаил,м,48,Фитнес Хаус,57.83,743,2,True
56,04.01.2025,Рождественский Кубок 2025,Санкт-Петербург,25,100,Вольный стиль ,45 - 49,БОНДАРЕНКО Павел,м,49,Сириус СПб,59.67,677,3,True
57,04.01.2025,Рождественский Кубок 2025,Санкт-Петербург,25,100,Вольный стиль ,45 - 49,ПОТЁМКИН Евгений,м,47,АСМ,59.97,667,4,True
58,04.01.2025,Рождественский Кубок 2025,Санкт-Петербург,25,100,Вольный стиль ,45 - 49,МОЛОДОВ Василий,м,45,Гидра Мастерс,1:01.15,629,5,True
59,04.01.2025,Рождественский Кубок 2025,Санкт-Петербург,25,100,Вольный стиль ,45 - 49,МАРКОВ Сергей,м,46,Свимлайф Мастерс,1:02.00,603,6,True
60,04.01.2025,Рождественский Кубок 2025,Санкт-Петербург,25,100,Вольный стиль ,45 - 49,ФЕДОРОВ Юрий,м,45,Драфт,1:07.29,472,8,True
61,04.01.2025,Рождественский Кубок 2025,Санкт-Петербург,25,100,Вольный стиль ,45 - 49,ПИМАНОВ Денис,м,48,Драфт,1:08.08,455,9,True
62,04.01.2025,Рождественский Кубок 2025,Санкт-Петербург,25,100,Вольный стиль ,40 - 44,ЧУНАЕВ Игорь,м,43,Сибмастерс,54.21,818,1,True
63,04.01.2025,Рождественский Кубок 2025,Санкт-Петербург,25,100,Вольный стиль ,40 - 44,КОВАЛЁВ Иван,м,40,Тройка,54.44,808,2,True
64,04.01.2025,Рождественский Кубок 2025,Санкт-Петербург,25,100,Вольный стиль ,40 - 44,СКЛЯРОВ Валентин,м,42,Гидра Мастерс,55.52,761,3,True
65,04.01.2025,Рождественский Кубок 2025,Санкт-Петербург,25,100,Вольный стиль ,40 - 44,ДРУЖИНИН Дмитрий,м,41,Гидра Мастерс,56.84,710,4,True
66,04.01.2025,Рождественский Кубок 2025,Санкт-Петербург,25,100,Вольный стиль ,40 - 44,САЛОВ Антон,м,40,Драфт,1:00.31,594,6,True
67,04.01.2025,Рождественский Кубок 2025,Санкт-Петербург,25,100,Вольный стиль ,40 - 44,ПЕТРОВ Дмитрий,м,41,Фитнес Хаус,1:00.96,575,8,True
68,04.01.2025,Рождественский Кубок 2025,Санкт-Петербург,25,100,Вольный стиль ,35 - 39,БОБОВИК Юрий,м,36,Гидра Мастерс,56.35,677,1,True
69,04.01.2025,Рождественский Кубок 2025,Санкт-Петербург,25,100,Вольный стиль ,35 - 39,МАРТЫНОВ Максим,м,38,Невские звёзды,57.94,622,2,True
70,04.01.2025,Рождественский Кубок 2025,Санкт-Петербург,25,100,Вольный стиль ,35 - 39,СЫЧЁВ Иван,м,38,Драфт,59.09,587,3,True
71,04.01.2025,Рождественский Кубок 2025,Санкт-Петербург,25,100,Вольный стиль ,35 - 39,СЛЕПЦОВ Александр,м,36,Невские звёзды,1:00.48,547,4,True
72,04.01.2025,Рождественский Кубок 2025,Санкт-Петербург,25,100,Вольный стиль ,35 - 39,ЕЛИЗАРОВ Павел,м,37,Плыви Москва,1:01.46,521,5,True
73,04.01.2025,Рождественский Кубок 2025,Санкт-Петербург,25,100,Вольный стиль ,35 - 39,ПРОХОРЕНКО Федор,м,39,Гидра Мастерс,1:01.97,509,6,True
74,04.01.2025,Рождественский Кубок 2025,Санкт-Петербург,25,100,Вольный стиль ,35 - 39,КРИЕВС Кирилл,м,36,Летс Свим,1:08.24,381,8,True
75,04.01.2025,Рождественский Кубок 2025,Санкт-Петербург,25,100,Вольный стиль ,35 - 39,БОГОЯВЛЕНСКИЙ Николай,м,35,Гидра Мастерс,1:09.38,362,9,True
76,04.01.2025,Рождественский Кубок 2025,Санкт-Петербург,25,100,Вольный стиль ,30 - 34,КОЛЕСНИКОВ Станислав,м,32,Свимлайф Мастерс,51.81,847,2,True
77,04.01.2025,Рождественский Кубок 2025,Санкт-Петербург,25,100,Вольный стиль ,30 - 34,ИВАНЮК Анатолий,м,34,Гравити Спорт,53.92,751,3,True
78,04.01.2025,Рождественский Кубок 2025,Санкт-Петербург,25,100,Вольный стиль ,30 - 34,ДМИТРИЕВ Андрей,м,34,Мэд Вейв,54.15,741,4,True
79,04.01.2025,Рождественский Кубок 2025,Санкт-Петербург,25,100,Вольный стиль ,30 - 34,ХМЕЛЕВСКИЙ Алексей,м,32,Летс Свим,54.59,724,5,True
80,04.01.2025,Рождественский Кубок 2025,Санкт-Петербург,25,100,Вольный стиль ,30 - 34,ТИХОМИРОВ Александр,м,34,Гравити Спорт,55.17,701,6,True
81,04.01.2025,Рождественский Кубок 2025,Санкт-Петербург,25,100,Вольный стиль ,30 - 34,ТОКАРЕВ Вадим,м,32,Гидра Мастерс,57.43,621,7,True
82,04.01.2025,Рождественский Кубок 2025,Санкт-Петербург,25,100,Вольный стиль ,25 - 29,НОВОЖИЛОВ Валерий,м,28,Гидра Мастерс,54.92,695,1,True
83,04.01.2025,Рождественский Кубок 2025,Санкт-Петербург,25,100,Вольный стиль ,25 - 29,КОРОМЫСЛОВ Кирилл,м,27,Фитнес Хаус,59.12,557,3,True
84,04.01.2025,Рождественский Кубок 2025,Санкт-Петербург,25,100,Вольный стиль ,25 - 29,ЯРОПОЛОВ Дмитрий,м,27,АСМ,59.93,535,4,True
85,04.01.2025,Рождественский Кубок 2025,Санкт-Петербург,25,100,Вольный стиль ,25 - 29,КУЗНЕЦОВ Виталий,м,27,Фитнес Хаус,1:00.69,515,5,True
86,04.01.2025,Рождественский Кубок 2025,Санкт-Петербург,25,100,Брасс,70 - 74,ШАНГИНА Ирина,ж,70,Невские звёзды,1:35.38,1090,1,True
87,04.01.2025,Рождественский Кубок 2025,Санкт-Петербург,25,100,Брасс,65 - 69,ОЛЕЙНИК Елена,ж,66,Гравити Спорт,1:43.31,675,1,True
88,04.01.2025,Рождественский Кубок 2025,Санкт-Петербург,25,100,Брасс,60 - 64,ПРОКОФЬЕВА Татьяна,ж,60,Спартак,1:24.29,1001,1,True
89,04.01.2025,Рождественский Кубок 2025,Санкт-Петербург,25,100,Брасс,60 - 64,МАЛЬЦЕВА Марина,ж,64,Спрут,1:31.94,771,2,True
90,04.01.2025,Рождественский Кубок 2025,Санкт-Петербург,25,100,Брасс,60 - 64,КИЙЛО Светлана,ж,62,Спартак,1:40.99,582,3,True
91,04.01.2025,Рождественский Кубок 2025,Санкт-Петербург,25,100,Брасс,60 - 64,ГРИГОРЬЕВА Елена,ж,63,Драфт,1:44.42,526,4,True
92,04.01.2025,Рождественский Кубок 2025,Санкт-Петербург,25,100,Брасс,60 - 64,БЕЛАЯ Наталья,ж,60,Невские звёзды,1:52.30,423,5,True
93,04.01.2025,Рождественский Кубок 2025,Санкт-Петербург,25,100,Брасс,55 - 59,КУТЕЙНИКОВА Марина,ж,58,Тройка,1:48.43,398,1,True
94,04.01.2025,Рождественский Кубок 2025,Санкт-Петербург,25,100,Брасс,55 - 59,ПИСКУНОВА Екатерина,ж,56,Фитнес Хаус,2:01.89,280,2,True
95,04.01.2025,Рождественский Кубок 2025,Санкт-Петербург,25,100,Брасс,50 - 54,ВОЛЕРТ Татьяна,ж,50,ФИТкультура,1:38.97,459,1,True
96,04.01.2025,Рождественский Кубок 2025,Санкт-Петербург,25,100,Брасс,45 - 49,КРОМБАЛЕВА Наталья,ж,46,Фитнес Хаус,1:44.18,350,1,True
97,04.01.2025,Рождественский Кубок 2025,Санкт-Петербург,25,100,Брасс,45 - 49,ЗЕЛИНСКАЯ Татьяна,ж,48,Невские звёзды,1:46.51,327,2,True
98,04.01.2025,Рождественский Кубок 2025,Санкт-Петербург,25,100,Брасс,45 - 49,КОСТЕРЕВА Екатерина,ж,49,Фитнес Хаус,1:49.13,304,3,True
99,04.01.2025,Рождественский Кубок 2025,Санкт-Петербург,25,100,Брасс,45 - 49,АСТАХОВА Ольга,ж,45,ФИТкультура,1:54.81,261,4,True
100,04.01.2025,Рождественский Кубок 2025,Санкт-Петербург,25,100,Брасс,40 - 44,ГЛЕБОВА Екатерина,ж,40,Свимлайф Мастерс,1:19.74,713,1,True
101,04.01.2025,Рождественский Кубок 2025,Санкт-Петербург,25,100,Брасс,40 - 44,ПОЛЕЙКИНА Анна,ж,44,Фитнес Хаус,1:29.40,506,2,True
102,04.01.2025,Рождественский Кубок 2025,Санкт-Петербург,25,100,Брасс,35 - 39,АЛЕКСАНДРОВА Наталья,ж,38,Фитнес Хаус,1:24.23,579,1,True
103,04.01.2025,Рождественский Кубок 2025,Санкт-Петербург,25,100,Брасс,35 - 39,БОГДАНОВА Надежда,ж,39,Фитнес Хаус,1:32.15,442,2,True
104,04.01.2025,Рождественский Кубок 2025,Санкт-Петербург,25,100,Брасс,30 - 34,СЕСОРОВА Александра,ж,31,Мэд Вейв,1:12.91,865,1,True
105,04.01.2025,Рождественский Кубок 2025,Санкт-Петербург,25,100,Брасс,30 - 34,НОВОПАШИНА Екатерина,ж,32,Гидра Мастерс,1:24.14,563,2,True
106,04.01.2025,Рождественский Кубок 2025,Санкт-Петербург,25,100,Брасс,30 - 34,ЛОГАЧЕВА Анастасия,ж,34,Гидра Мастерс,1:36.69,371,4,True
107,04.01.2025,Рождественский Кубок 2025,Санкт-Петербург,25,100,Брасс,25 - 29,ПУГАЧЕВА Регина,ж,27,Свимлайф Мастерс,1:13.62,829,1,True
108,04.01.2025,Рождественский Кубок 2025,Санкт-Петербург,25,100,Брасс,25 - 29,ВАРЛАМОВА Дарья,ж,26,Свимлайф Мастерс,1:16.09,751,2,True
109,04.01.2025,Рождественский Кубок 2025,Санкт-Петербург,25,100,Брасс,25 - 29,БАХИРЕВА Кристина,ж,29,Фитнес Хаус,1:18.47,685,3,True
110,04.01.2025,Рождественский Кубок 2025,Санкт-Петербург,25,100,Брасс,85 - 89,ЛАШОВ Олег,м,86,Посейдон,2:46.76,298,1,True
111,04.01.2025,Рождественский Кубок 2025,Санкт-Петербург,25,100,Брасс,80 - 84,ЧУДАКОВ Николай,м,82,Джейси Мастерс,2:14.05,392,1,True
112,04.01.2025,Рождественский Кубок 2025,Санкт-Петербург,25,100,Брасс,75 - 79,ЕРШОВ Олег,м,75,Мещера,1:40.48,718,1,True
113,04.01.2025,Рождественский Кубок 2025,Санкт-Петербург,25,100,Брасс,75 - 79,ЕСИПОВ Виктор,м,77,Посейдон,1:40.71,713,2,True
114,04.01.2025,Рождественский Кубок 2025,Санкт-Петербург,25,100,Брасс,70 - 74,СТАРИКОВ Илья,м,70,Цунами,1:26.14,858,1,True
115,04.01.2025,Рождественский Кубок 2025,Санкт-Петербург,25,100,Брасс,65 - 69,ПОДМАРЕВ Тимур,м,68,Невские звёзды,1:20.41,864,1,True
116,04.01.2025,Рождественский Кубок 2025,Санкт-Петербург,25,100,Брасс,65 - 69,ЛАПИКОВ Александр,м,69,Желтая субмарина,1:52.35,316,3,True
117,04.01.2025,Рождественский Кубок 2025,Санкт-Петербург,25,100,Брасс,60 - 64,НЕНИШИН Юрий,м,61,АСМ,1:17.72,792,1,True
118,04.01.2025,Рождественский Кубок 2025,Санкт-Петербург,25,100,Брасс,60 - 64,ЖЕРДЕВ Сергей,м,64,Невские звёзды,1:21.91,677,2,True
119,04.01.2025,Рождественский Кубок 2025,Санкт-Петербург,25,100,Брасс,60 - 64,СМИРНОВ Игорь,м,60,Фитнес Хаус,1:26.67,571,3,True
120,04.01.2025,Рождественский Кубок 2025,Санкт-Петербург,25,100,Брасс,60 - 64,РУДЕНКО Виктор,м,62,Гидра Мастерс,1:28.08,544,4,True
121,04.01.2025,Рождественский Кубок 2025,Санкт-Петербург,25,100,Брасс,60 - 64,АНДРОСОВ Сергей,м,62,КВСП,1:35.68,424,5,True
122,04.01.2025,Рождественский Кубок 2025,Санкт-Петербург,25,100,Брасс,55 - 59,ПЛЕХАНОВ Алексей,м,57,Фитнес Хаус,1:07.43,1054,1,True
123,04.01.2025,Рождественский Кубок 2025,Санкт-Петербург,25,100,Брасс,55 - 59,КУЛИК Михаил,м,57,Гравити Спорт,1:18.23,675,2,True
124,04.01.2025,Рождественский Кубок 2025,Санкт-Петербург,25,100,Брасс,55 - 59,УЛОГОВ Юрий,м,58,Спрут,1:23.41,557,3,True
125,04.01.2025,Рождественский Кубок 2025,Санкт-Петербург,25,100,Брасс,50 - 54,КАЗАКОВ Павел,м,53,АСМ,1:16.60,624,2,True
126,04.01.2025,Рождественский Кубок 2025,Санкт-Петербург,25,100,Брасс,50 - 54,ИВАНОВ Михаил,м,51,Невские звёзды,1:19.76,552,3,True
127,04.01.2025,Рождественский Кубок 2025,Санкт-Петербург,25,100,Брасс,50 - 54,КАРНАУШЕНКО Сергей,м,53,Фитнес Хаус,1:29.01,397,4,True
128,04.01.2025,Рождественский Кубок 2025,Санкт-Петербург,25,100,Брасс,50 - 54,СЕРЕБРЕННИКОВ Андрей,м,54,Волна,1:31.76,363,5,True
129,04.01.2025,Рождественский Кубок 2025,Санкт-Петербург,25,100,Брасс,45 - 49,МОЛОДОВ Василий,м,45,Гидра Мастерс,1:23.32,451,1,True
130,04.01.2025,Рождественский Кубок 2025,Санкт-Петербург,25,100,Брасс,40 - 44,КИКУ Виталий,м,41,Гидра Мастерс,1:05.75,858,1,True
131,04.01.2025,Рождественский Кубок 2025,Санкт-Петербург,25,100,Брасс,40 - 44,КОВАЛЁВ Иван,м,40,Тройка,1:09.52,725,2,True
132,04.01.2025,Рождественский Кубок 2025,Санкт-Петербург,25,100,Брасс,40 - 44,КУЛАКОВ Александр,м,42,Невские звёзды,1:24.33,406,4,True
133,04.01.2025,Рождественский Кубок 2025,Санкт-Петербург,25,100,Брасс,35 - 39,ВАСИЛЬЕВ Константин,м,36,Гидра Мастерс,1:12.93,600,1,True
134,04.01.2025,Рождественский Кубок 2025,Санкт-Петербург,25,100,Брасс,35 - 39,СЛЕПЦОВ Александр,м,36,Невские звёзды,1:15.51,541,3,True
135,04.01.2025,Рождественский Кубок 2025,Санкт-Петербург,25,100,Брасс,35 - 39,СОФЬИН Александр,м,35,Драфт,1:18.12,488,4,True
136,04.01.2025,Рождественский Кубок 2025,Санкт-Петербург,25,100,Брасс,30 - 34,ТИХОМИРОВ Павел,м,34,Драфт,1:05.98,760,1,True
137,04.01.2025,Рождественский Кубок 2025,Санкт-Петербург,25,100,Брасс,30 - 34,ИОГИН Егор,м,31,Свимлайф Мастерс,1:06.21,752,2,True
138,04.01.2025,Рождественский Кубок 2025,Санкт-Петербург,25,100,Брасс,30 - 34,ЛУКЬЯНЕНКО Кирилл,м,31,Свимлайф Мастерс,1:06.66,737,3,True
139,04.01.2025,Рождественский Кубок 2025,Санкт-Петербург,25,100,Брасс,30 - 34,КУСТОВ Дмитрий,м,32,Курносов Тим,1:14.29,532,6,True
140,04.01.2025,Рождественский Кубок 2025,Санкт-Петербург,25,100,Брасс,25 - 29,ШАБАЛИН Даниил,м,25,Фитнес Хаус,1:16.71,473,1,True
141,04.01.2025,Рождественский Кубок 2025,Санкт-Петербург,25,50,Баттерфляй,70 - 74,ШАНГИНА Ирина,ж,70,Невские звёзды,39.37,866,1,True
142,04.01.2025,Рождественский Кубок 2025,Санкт-Петербург,25,50,Баттерфляй,65 - 69,КЕДРОВА Ольга,ж,65,Невские звёзды,39.99,649,1,True
143,04.01.2025,Рождественский Кубок 2025,Санкт-Петербург,25,50,Баттерфляй,60 - 64,ЛИБАНОВА Светлана,ж,61,Урал,36.29,690,1,True
144,04.01.2025,Рождественский Кубок 2025,Санкт-Петербург,25,50,Баттерфляй,60 - 64,ТЕРЯЕВА Ирина,ж,60,Невские звёзды,37.73,614,2,True
145,04.01.2025,Рождественский Кубок 2025,Санкт-Петербург,25,50,Баттерфляй,60 - 64,СМИРНОВА Любовь,ж,60,Гидра Мастерс,47.09,316,3,True
146,04.01.2025,Рождественский Кубок 2025,Санкт-Петербург,25,50,Баттерфляй,55 - 59,ПЛОТНИЦКАЯ Светлана,ж,57,Свимлайф Мастерс,33.06,806,1,True
147,04.01.2025,Рождественский Кубок 2025,Санкт-Петербург,25,50,Баттерфляй,55 - 59,БОЕВА Юлия,ж,56,Олимп,36.37,605,2,True
148,04.01.2025,Рождественский Кубок 2025,Санкт-Петербург,25,50,Баттерфляй,50 - 54,БЛИНОВА Людмила,ж,50,Лада,33.74,677,1,True
149,04.01.2025,Рождественский Кубок 2025,Санкт-Петербург,25,50,Баттерфляй,50 - 54,ХОРС Елена,ж,50,Тройка,34.53,632,2,True
150,04.01.2025,Рождественский Кубок 2025,Санкт-Петербург,25,50,Баттерфляй,50 - 54,ТИТОВА Татьяна,ж,53,Гидра Мастерс,41.67,359,3,True
151,04.01.2025,Рождественский Кубок 2025,Санкт-Петербург,25,50,Баттерфляй,45 - 49,БОГАЧЕВА Мария,ж,49,Фитнес Хаус,34.65,583,1,True
152,04.01.2025,Рождественский Кубок 2025,Санкт-Петербург,25,50,Баттерфляй,45 - 49,КАВЯЦКЕНЕ Анастасия,ж,49,Фитнес Хаус,40.48,366,2,True
153,04.01.2025,Рождественский Кубок 2025,Санкт-Петербург,25,50,Баттерфляй,45 - 49,БАРАНОВА Мария,ж,45,Невские звёзды,42.39,318,3,True
154,04.01.2025,Рождественский Кубок 2025,Санкт-Петербург,25,50,Баттерфляй,45 - 49,СЕРЕБРЕННИКОВА Ульяна,ж,48,Волна,43.78,289,4,True
155,04.01.2025,Рождественский Кубок 2025,Санкт-Петербург,25,50,Баттерфляй,40 - 44,ШАНГИНА Елена,ж,44,Невские звёзды,33.99,593,1,True
156,04.01.2025,Рождественский Кубок 2025,Санкт-Петербург,25,50,Баттерфляй,40 - 44,НИКИТИНА Елизавета,ж,40,Фитнес Хаус,35.61,516,2,True
157,04.01.2025,Рождественский Кубок 2025,Санкт-Петербург,25,50,Баттерфляй,40 - 44,ЕГОРОВА Татьяна,ж,43,Гидра Мастерс,37.14,455,3,True
158,04.01.2025,Рождественский Кубок 2025,Санкт-Петербург,25,50,Баттерфляй,35 - 39,ПОПОВА Юлия,ж,39,Фитнес Хаус,31.58,697,1,True
159,04.01.2025,Рождественский Кубок 2025,Санкт-Петербург,25,50,Баттерфляй,35 - 39,КАЛАШНИКОВА Юлия,ж,38,Свимлайф Мастерс,32.43,643,2,True
160,04.01.2025,Рождественский Кубок 2025,Санкт-Петербург,25,50,Баттерфляй,35 - 39,СУРОВЦОВА Марина,ж,39,ТимКулик Мастерс,37.77,407,3,True
161,04.01.2025,Рождественский Кубок 2025,Санкт-Петербург,25,50,Баттерфляй,30 - 34,СЕСОРОВА Александра,ж,31,Мэд Вейв,29.39,814,1,True
162,04.01.2025,Рождественский Кубок 2025,Санкт-Петербург,25,50,Баттерфляй,30 - 34,СТРУГОВА Мария,ж,30,Гидра Мастерс,32.18,620,2,True
163,04.01.2025,Рождественский Кубок 2025,Санкт-Петербург,25,50,Баттерфляй,30 - 34,СТЕПЧЕНКОВА Марина,ж,30,Гидра Мастерс,32.66,593,3,True
164,04.01.2025,Рождественский Кубок 2025,Санкт-Петербург,25,50,Баттерфляй,25 - 29,КОНОВАЛОВА Антонина,ж,26,Тройка,30.41,679,1,True
165,04.01.2025,Рождественский Кубок 2025,Санкт-Петербург,25,50,Баттерфляй,25 - 29,ИВАНЦОВА Виктория,ж,28,Плыви Москва,35.60,423,3,True
166,04.01.2025,Рождественский Кубок 2025,Санкт-Петербург,25,50,Баттерфляй,75 - 79,ХАРЧЕНКО Александр,м,78,Невские звёзды,46.74,382,1,True
167,04.01.2025,Рождественский Кубок 2025,Санкт-Петербург,25,50,Баттерфляй,75 - 79,БУРЦЕВ Владимир,м,79,Таврида Мастерс,48.12,350,2,True
168,04.01.2025,Рождественский Кубок 2025,Санкт-Петербург,25,50,Баттерфляй,75 - 79,МАШКОВ Георгий,м,76,Мордовские Лисы,58.77,192,3,True
169,04.01.2025,Рождественский Кубок 2025,Санкт-Петербург,25,50,Баттерфляй,75 - 79,ЛАМДЕН Константин,м,78,Сириус СПб,1:05.66,137,4,True
170,04.01.2025,Рождественский Кубок 2025,Санкт-Петербург,25,50,Баттерфляй,70 - 74,ГЕТЬМАН Владимир,м,72,SD Riba,34.88,728,2,True
171,04.01.2025,Рождественский Кубок 2025,Санкт-Петербург,25,50,Баттерфляй,70 - 74,СТРАЖИН Николай,м,73,Драфт,38.01,562,3,True
172,04.01.2025,Рождественский Кубок 2025,Санкт-Петербург,25,50,Баттерфляй,70 - 74,ПЕТРОВ Андрей,м,71,Фитнес Хаус,48.62,268,4,True
173,04.01.2025,Рождественский Кубок 2025,Санкт-Петербург,25,50,Баттерфляй,65 - 69,АНДРЕЕВ Александр,м,65,Невские звёзды,33.82,661,1,True
174,04.01.2025,Рождественский Кубок 2025,Санкт-Петербург,25,50,Баттерфляй,65 - 69,СЕМЕНОВ Андрей,м,65,Урал,35.59,567,2,True
175,04.01.2025,Рождественский Кубок 2025,Санкт-Петербург,25,50,Баттерфляй,65 - 69,ЕЛЬЧАНИНОВ Владимир,м,66,Драфт,36.92,508,3,True
176,04.01.2025,Рождественский Кубок 2025,Санкт-Петербург,25,50,Баттерфляй,65 - 69,ОРЛОВ Игорь,м,65,Посейдон,39.83,405,4,True
177,04.01.2025,Рождественский Кубок 2025,Санкт-Петербург,25,50,Баттерфляй,60 - 64,КУЛДИН Сергей,м,61,Драфт,31.38,694,1,True
178,04.01.2025,Рождественский Кубок 2025,Санкт-Петербург,25,50,Баттерфляй,55 - 59,КРОПОТОВ Игорь,м,55,43 РЕГИОН,28.22,849,2,True
179,04.01.2025,Рождественский Кубок 2025,Санкт-Петербург,25,50,Баттерфляй,55 - 59,ЛЕБЕДЕВ Павел,м,57,Мэд Вейв,28.37,836,3,True
180,04.01.2025,Рождественский Кубок 2025,Санкт-Петербург,25,50,Баттерфляй,55 - 59,ЗУБРИЧ Александр,м,56,Мэд Вейв,30.84,651,4,True
181,04.01.2025,Рождественский Кубок 2025,Санкт-Петербург,25,50,Баттерфляй,55 - 59,ЕФИМОВ Петр,м,57,Невские звёзды,31.21,628,5,True
182,04.01.2025,Рождественский Кубок 2025,Санкт-Петербург,25,50,Баттерфляй,55 - 59,КУЛИК Михаил,м,57,Гравити Спорт,32.15,574,6,True
183,04.01.2025,Рождественский Кубок 2025,Санкт-Петербург,25,50,Баттерфляй,55 - 59,КУДИМОВ Владислав,м,58,Спрут,32.47,557,7,True
184,04.01.2025,Рождественский Кубок 2025,Санкт-Петербург,25,50,Баттерфляй,55 - 59,БАТКОВ Станислав,м,55,Фитнес Хаус,33.23,520,9,True
185,04.01.2025,Рождественский Кубок 2025,Санкт-Петербург,25,50,Баттерфляй,50 - 54,МИХАЙЛОВ Дмитрий,м,50,Фитнес Хаус,28.12,772,1,True
186,04.01.2025,Рождественский Кубок 2025,Санкт-Петербург,25,50,Баттерфляй,50 - 54,АЛЕКСЕЕВ Михаил,м,52,Невские звёзды,36.43,355,2,True
187,04.01.2025,Рождественский Кубок 2025,Санкт-Петербург,25,50,Баттерфляй,45 - 49,ШИЛИН Александр,м,49,Невские звёзды,26.77,838,1,True
188,04.01.2025,Рождественский Кубок 2025,Санкт-Петербург,25,50,Баттерфляй,45 - 49,РЫЖОВ Евгений,м,47,Спрут,28.49,695,2,True
189,04.01.2025,Рождественский Кубок 2025,Санкт-Петербург,25,50,Баттерфляй,45 - 49,СЛАБЧУК Юрий,м,46,Гидра Мастерс,28.94,663,3,True
190,04.01.2025,Рождественский Кубок 2025,Санкт-Петербург,25,50,Баттерфляй,45 - 49,ШАРОВ Михаил,м,45,Волна,29.90,601,4,True
191,04.01.2025,Рождественский Кубок 2025,Санкт-Петербург,25,50,Баттерфляй,45 - 49,КОРЧИН Денис,м,48,Фитнес Хаус,31.84,498,5,True
192,04.01.2025,Рождественский Кубок 2025,Санкт-Петербург,25,50,Баттерфляй,45 - 49,ШЕБАШОВ Сергей,м,47,Тройка,32.15,483,6,True
193,04.01.2025,Рождественский Кубок 2025,Санкт-Петербург,25,50,Баттерфляй,45 - 49,БЕРЕЗКИН Алексей,м,45,Фитнес Хаус,33.70,420,7,True
194,04.01.2025,Рождественский Кубок 2025,Санкт-Петербург,25,50,Баттерфляй,45 - 49,ШПРИЦ Михаил,м,48,Гравити Спорт,33.82,415,8,True
195,04.01.2025,Рождественский Кубок 2025,Санкт-Петербург,25,50,Баттерфляй,45 - 49,КНЯЗЕВ Артем,м,48,Фитнес Хаус,40.37,244,9,True
196,04.01.2025,Рождественский Кубок 2025,Санкт-Петербург,25,50,Баттерфляй,40 - 44,ТАРАБРИН Александр,м,40,Радуга,25.92,859,1,True
197,04.01.2025,Рождественский Кубок 2025,Санкт-Петербург,25,50,Баттерфляй,40 - 44,ЧУНАЕВ Игорь,м,43,Сибмастерс,26.62,793,3,True
198,04.01.2025,Рождественский Кубок 2025,Санкт-Петербург,25,50,Баттерфляй,40 - 44,МОТОВ Александр,м,41,Гравити Спорт,27.69,704,4,True
199,04.01.2025,Рождественский Кубок 2025,Санкт-Петербург,25,50,Баттерфляй,40 - 44,КИСЕЛЕВ Александр,м,43,Гидра Мастерс,28.49,646,5,True
200,04.01.2025,Рождественский Кубок 2025,Санкт-Петербург,25,50,Баттерфляй,40 - 44,ДРУЖИНИН Дмитрий,м,41,Гидра Мастерс,28.77,628,6,True
201,04.01.2025,Рождественский Кубок 2025,Санкт-Петербург,25,50,Баттерфляй,40 - 44,МИХАЙЛОВ Владимир,м,42,АСМ,28.82,624,7,True
202,04.01.2025,Рождественский Кубок 2025,Санкт-Петербург,25,50,Баттерфляй,40 - 44,ПАВЛОВ Алексей,м,42,Гидра Мастерс,30.30,537,8,True
203,04.01.2025,Рождественский Кубок 2025,Санкт-Петербург,25,50,Баттерфляй,40 - 44,МАЛИНОВСКИЙ Александр,м,40,Драфт,30.86,509,9,True
204,04.01.2025,Рождественский Кубок 2025,Санкт-Петербург,25,50,Баттерфляй,35 - 39,ЗИНОВЬЕВ Андрей,м,39,АСМ,28.02,608,1,True
205,04.01.2025,Рождественский Кубок 2025,Санкт-Петербург,25,50,Баттерфляй,35 - 39,ПРОХОРЕНКО Федор,м,39,Гидра Мастерс,28.96,550,2,True
206,04.01.2025,Рождественский Кубок 2025,Санкт-Петербург,25,50,Баттерфляй,35 - 39,ЕЛИЗАРОВ Павел,м,37,Плыви Москва,31.46,429,3,True
207,04.01.2025,Рождественский Кубок 2025,Санкт-Петербург,25,50,Баттерфляй,35 - 39,БОГОЯВЛЕНСКИЙ Николай,м,35,Гидра Мастерс,31.91,411,4,True
208,04.01.2025,Рождественский Кубок 2025,Санкт-Петербург,25,50,Баттерфляй,30 - 34,МУМИНОВ Диор,м,30,Гравити Спорт,25.19,837,1,True
209,04.01.2025,Рождественский Кубок 2025,Санкт-Петербург,25,50,Баттерфляй,30 - 34,ГУСЕВ Владимир,м,31,Фитнес Хаус,25.70,788,2,True
210,04.01.2025,Рождественский Кубок 2025,Санкт-Петербург,25,50,Баттерфляй,30 - 34,КАРПОВ Михаил,м,32,Фитнес Хаус,25.90,770,3,True
211,04.01.2025,Рождественский Кубок 2025,Санкт-Петербург,25,50,Баттерфляй,30 - 34,ДМИТРИЕВ Андрей,м,34,Мэд Вейв,26.90,687,5,True
212,04.01.2025,Рождественский Кубок 2025,Санкт-Петербург,25,50,Баттерфляй,30 - 34,ЛУКЬЯНЕНКО Кирилл,м,31,Свимлайф Мастерс,27.74,626,6,True
213,04.01.2025,Рождественский Кубок 2025,Санкт-Петербург,25,50,Баттерфляй,30 - 34,ТЕРЕЩЕНКО Александр,м,32,Невские звёзды,28.09,603,8,True
214,04.01.2025,Рождественский Кубок 2025,Санкт-Петербург,25,50,Баттерфляй,25 - 29,БРЯНСКИЙ Алексей,м,28,Плыви Москва,25.03,829,2,True
215,04.01.2025,Рождественский Кубок 2025,Санкт-Петербург,25,50,Баттерфляй,25 - 29,ФРОЛОВ Никита,м,28,Гидра Мастерс,28.21,579,3,True
216,04.01.2025,Рождественский Кубок 2025,Санкт-Петербург,25,50,Баттерфляй,25 - 29,НОВОЖИЛОВ Валерий,м,28,Гидра Мастерс,28.59,556,5,True
217,04.01.2025,Рождественский Кубок 2025,Санкт-Петербург,25,50,На спине ,80 - 84,АНДРЮЩЕНКО Светлана,ж,83,Невские звёзды,1:04.59,414,1,True
218,04.01.2025,Рождественский Кубок 2025,Санкт-Петербург,25,50,На спине ,70 - 74,ГАЕВСКАЯ Татьяна,ж,74,Фитнес Хаус,59.44,289,1,True
219,04.01.2025,Рождественский Кубок 2025,Санкт-Петербург,25,50,На спине ,65 - 69,ГЛАДКОВА Лидия,ж,67,Невские звёзды,47.39,464,1,True
220,04.01.2025,Рождественский Кубок 2025,Санкт-Петербург,25,50,На спине ,65 - 69,ЛЕОНТЮК Любовь,ж,69,Джейси Мастерс,51.62,359,2,True
221,04.01.2025,Рождественский Кубок 2025,Санкт-Петербург,25,50,На спине ,60 - 64,КОЗЛОВА Светлана,ж,60,Невские звёзды,40.39,624,1,True
222,04.01.2025,Рождественский Кубок 2025,Санкт-Петербург,25,50,На спине ,60 - 64,ШЕСТАКОВА Наталья,ж,62,Фитнес Хаус,44.39,470,2,True
223,04.01.2025,Рождественский Кубок 2025,Санкт-Петербург,25,50,На спине ,60 - 64,МАЛЬЦЕВА Марина,ж,64,Спрут,47.26,390,3,True
224,04.01.2025,Рождественский Кубок 2025,Санкт-Петербург,25,50,На спине ,60 - 64,ЛЫСКОВА Ольга,ж,62,Лада,52.79,279,5,True
225,04.01.2025,Рождественский Кубок 2025,Санкт-Петербург,25,50,На спине ,55 - 59,ГОРШКОВА Ирина,ж,59,Фитнес Хаус,44.03,409,1,True
226,04.01.2025,Рождественский Кубок 2025,Санкт-Петербург,25,50,На спине ,55 - 59,КУТЕЙНИКОВА Марина,ж,58,Тройка,47.10,334,2,True
227,04.01.2025,Рождественский Кубок 2025,Санкт-Петербург,25,50,На спине ,50 - 54,ГОЛОВНИНА Анастасия,ж,51,Фитнес Хаус,42.64,402,1,True
228,04.01.2025,Рождественский Кубок 2025,Санкт-Петербург,25,50,На спине ,45 - 49,ГРИНЬ Ульяна,ж,48,Радуга,37.67,545,1,True
229,04.01.2025,Рождественский Кубок 2025,Санкт-Петербург,25,50,На спине ,45 - 49,КОРОЛЬКОВА Елена,ж,45,Невские звёзды,41.90,396,2,True
230,04.01.2025,Рождественский Кубок 2025,Санкт-Петербург,25,50,На спине ,45 - 49,БАРАНОВА Мария,ж,45,Невские звёзды,46.03,299,3,True
231,04.01.2025,Рождественский Кубок 2025,Санкт-Петербург,25,50,На спине ,40 - 44,ЕГОРОВА Татьяна,ж,43,Гидра Мастерс,39.07,464,1,True
232,04.01.2025,Рождественский Кубок 2025,Санкт-Петербург,25,50,На спине ,40 - 44,ПОСТНИКОВА Екатерина,ж,42,Невские звёзды,40.30,423,2,True
233,04.01.2025,Рождественский Кубок 2025,Санкт-Петербург,25,50,На спине ,35 - 39,БЕРКОВА Светлана,ж,36,Гидра Мастерс,30.50,898,1,True
234,04.01.2025,Рождественский Кубок 2025,Санкт-Петербург,25,50,На спине ,35 - 39,ДУБРОВСКАЯ Екатерина,ж,37,Гидра Мастерс,36.92,506,2,True
235,04.01.2025,Рождественский Кубок 2025,Санкт-Петербург,25,50,На спине ,35 - 39,ОСИПОВА Юлия,ж,35,Фитнес Хаус,40.33,388,3,True
236,04.01.2025,Рождественский Кубок 2025,Санкт-Петербург,25,50,На спине ,30 - 34,АЛЕКСЕЕВА Анастасия,ж,34,Невские звёзды,35.00,570,1,True
237,04.01.2025,Рождественский Кубок 2025,Санкт-Петербург,25,50,На спине ,30 - 34,НОВОПАШИНА Екатерина,ж,32,Гидра Мастерс,35.22,560,2,True
238,04.01.2025,Рождественский Кубок 2025,Санкт-Петербург,25,50,На спине ,30 - 34,ЛУТЧЕНКО Юлия,ж,33,Плыви Москва,37.38,468,3,True
239,04.01.2025,Рождественский Кубок 2025,Санкт-Петербург,25,50,На спине ,25 - 29,ГИЛЯЗЕВА Елена,ж,25,Фитнес Хаус,33.37,624,2,True
240,04.01.2025,Рождественский Кубок 2025,Санкт-Петербург,25,50,На спине ,25 - 29,ДАНИЛЕВИЧ Дарья,ж,26,Невские звёзды,37.43,442,3,True
241,04.01.2025,Рождественский Кубок 2025,Санкт-Петербург,25,50,На спине ,75 - 79,КОРЕШКОВ Виктор,м,77,Посейдон,41.10,754,1,True
242,04.01.2025,Рождественский Кубок 2025,Санкт-Петербург,25,50,На спине ,75 - 79,АНДРЕЕВ Игорь,м,79,Невские звёзды,56.87,284,2,True
243,04.01.2025,Рождественский Кубок 2025,Санкт-Петербург,25,50,На спине ,70 - 74,ПОПОВ Василий,м,72,Невские звёзды,39.71,658,1,True
244,04.01.2025,Рождественский Кубок 2025,Санкт-Петербург,25,50,На спине ,70 - 74,ГЕТЬМАН Владимир,м,72,SD Riba,41.62,571,2,True
245,04.01.2025,Рождественский Кубок 2025,Санкт-Петербург,25,50,На спине ,70 - 74,ВОЛОДАРСКИЙ Михаил,м,70,АСМ,59.57,194,4,True
246,04.01.2025,Рождественский Кубок 2025,Санкт-Петербург,25,50,На спине ,65 - 69,МОНИН Андрей,м,65,Невские звёзды,34.61,797,1,True
247,04.01.2025,Рождественский Кубок 2025,Санкт-Петербург,25,50,На спине ,65 - 69,МУЗЫЧЕНКО Сергей,м,65,Джейси Мастерс,35.28,753,2,True
248,04.01.2025,Рождественский Кубок 2025,Санкт-Петербург,25,50,На спине ,65 - 69,ДЕРЕВЯНКИН Виталий,м,65,Невские звёзды,37.31,636,3,True
249,04.01.2025,Рождественский Кубок 2025,Санкт-Петербург,25,50,На спине ,65 - 69,БЕРСЕНЕВ Эдуард,м,69,Цунами,42.82,421,4,True
250,04.01.2025,Рождественский Кубок 2025,Санкт-Петербург,25,50,На спине ,65 - 69,КОЩИЕНКО Валерий,м,68,Посейдон,47.95,300,5,True
251,04.01.2025,Рождественский Кубок 2025,Санкт-Петербург,25,50,На спине ,60 - 64,СОНИН Андрей,м,63,Мордовские Лисы,47.22,256,2,True
252,04.01.2025,Рождественский Кубок 2025,Санкт-Петербург,25,50,На спине ,55 - 59,БЕЛОЗЕРЦЕВ Юрий,м,56,Касатка,35.35,524,1,True
253,04.01.2025,Рождественский Кубок 2025,Санкт-Петербург,25,50,На спине ,55 - 59,ЧЕРНЕНКО Андрей,м,56,Невские звёзды,37.16,451,2,True
254,04.01.2025,Рождественский Кубок 2025,Санкт-Петербург,25,50,На спине ,55 - 59,ТИТОВ Константин,м,57,АСМ,41.94,314,3,True
255,04.01.2025,Рождественский Кубок 2025,Санкт-Петербург,25,50,На спине ,50 - 54,ГАВРИЛОВ Алексей,м,51,Невские звёзды,32.24,617,1,True
256,04.01.2025,Рождественский Кубок 2025,Санкт-Петербург,25,50,На спине ,45 - 49,ШИЛИН Александр,м,49,Невские звёзды,27.35,930,1,True
257,04.01.2025,Рождественский Кубок 2025,Санкт-Петербург,25,50,На спине ,45 - 49,БОНДАРЕНКО Павел,м,49,Сириус СПб,31.47,610,2,True
258,04.01.2025,Рождественский Кубок 2025,Санкт-Петербург,25,50,На спине ,45 - 49,МАРКОВ Сергей,м,46,Свимлайф Мастерс,32.37,561,3,True
259,04.01.2025,Рождественский Кубок 2025,Санкт-Петербург,25,50,На спине ,45 - 49,ПРАВДИН Дмитрий,м,48,Гидра Мастерс,33.50,506,4,True
260,04.01.2025,Рождественский Кубок 2025,Санкт-Петербург,25,50,На спине ,45 - 49,МАКАРОВ Иван,м,46,Гравити Спорт,34.12,479,5,True
261,04.01.2025,Рождественский Кубок 2025,Санкт-Петербург,25,50,На спине ,40 - 44,ТАРАБРИН Александр,м,40,Радуга,25.69,1041,1,True
262,04.01.2025,Рождественский Кубок 2025,Санкт-Петербург,25,50,На спине ,35 - 39,ЧЕРНИЦА Арсений,м,36,Свимлайф Мастерс,26.71,841,1,True
263,04.01.2025,Рождественский Кубок 2025,Санкт-Петербург,25,50,На спине ,35 - 39,ЗИНОВЬЕВ Андрей,м,39,АСМ,30.59,560,2,True
264,04.01.2025,Рождественский Кубок 2025,Санкт-Петербург,25,50,На спине ,35 - 39,ЛОГИНОВ Антон,м,38,Гидра Мастерс,31.46,515,3,True
265,04.01.2025,Рождественский Кубок 2025,Санкт-Петербург,25,50,На спине ,30 - 34,МУМИНОВ Диор,м,30,Гравити Спорт,25.91,871,1,True
266,04.01.2025,Рождественский Кубок 2025,Санкт-Петербург,25,50,На спине ,30 - 34,ТОКАРЕВ Вадим,м,32,Гидра Мастерс,28.27,671,2,True
267,04.01.2025,Рождественский Кубок 2025,Санкт-Петербург,25,50,На спине ,30 - 34,ФАЛИН Владимир,м,31,Летс Свим,28.80,634,3,True
268,04.01.2025,Рождественский Кубок 2025,Санкт-Петербург,25,50,На спине ,30 - 34,ГОЛОВНИН Александр,м,30,Фитнес Хаус,29.09,615,4,True
269,04.01.2025,Рождественский Кубок 2025,Санкт-Петербург,25,50,На спине ,30 - 34,ТИХОМИРОВ Александр,м,34,Гравити Спорт,29.10,615,5,True
270,04.01.2025,Рождественский Кубок 2025,Санкт-Петербург,25,50,На спине ,30 - 34,БАХАРЕВ Григорий,м,33,Гидра Мастерс,29.65,581,6,True
271,04.01.2025,Рождественский Кубок 2025,Санкт-Петербург,25,50,На спине ,30 - 34,ПРОКОФЬЕВ Павел,м,34,Гидра Мастерс,31.76,473,7,True
272,04.01.2025,Рождественский Кубок 2025,Санкт-Петербург,25,50,На спине ,25 - 29,МАНАКОВ Игорь,м,29,Плыви Москва,29.50,558,2,True
273,04.01.2025,Рождественский Кубок 2025,Санкт-Петербург,25,50,На спине ,25 - 29,ЯРОПОЛОВ Дмитрий,м,27,АСМ,30.92,484,3,True
274,04.01.2025,Рождественский Кубок 2025,Санкт-Петербург,25,50,На спине ,25 - 29,МУСАЕВ Элвин,м,26,Спрут,33.15,393,4,True
275,04.01.2025,Рождественский Кубок 2025,Санкт-Петербург,25,200,Комплексное плавание ,65 - 69,НАГОВИЦЫНА Лариса,ж,66,Цунами,3:05.20,878,1,True
276,04.01.2025,Рождественский Кубок 2025,Санкт-Петербург,25,200,Комплексное плавание ,60 - 64,ПУГАЧЕВА Мария,ж,61,Невские звёзды,3:40.30,417,1,True
277,04.01.2025,Рождественский Кубок 2025,Санкт-Петербург,25,200,Комплексное плавание ,55 - 59,ПРЕСНЯКОВА Светлана,ж,59,Невские звёзды,3:02.18,620,1,True
278,04.01.2025,Рождественский Кубок 2025,Санкт-Петербург,25,200,Комплексное плавание ,55 - 59,ШПАДИ Алла,ж,59,Фитнес Хаус,3:34.40,380,2,True
279,04.01.2025,Рождественский Кубок 2025,Санкт-Петербург,25,200,Комплексное плавание ,50 - 54,БРОНИЦКАЯ Оксана,ж,53,Цунами,2:50.20,704,1,True
280,04.01.2025,Рождественский Кубок 2025,Санкт-Петербург,25,200,Комплексное плавание ,50 - 54,БАСКАКОВА Снежана,ж,51,Тройка,3:00.91,586,2,True
281,04.01.2025,Рождественский Кубок 2025,Санкт-Петербург,25,200,Комплексное плавание ,50 - 54,ВЕРБИНА Юлия,ж,52,Тройка,3:02.86,568,3,True
282,04.01.2025,Рождественский Кубок 2025,Санкт-Петербург,25,200,Комплексное плавание ,50 - 54,ВОЛЕРТ Татьяна,ж,50,ФИТкультура,3:24.54,405,5,True
283,04.01.2025,Рождественский Кубок 2025,Санкт-Петербург,25,200,Комплексное плавание ,45 - 49,БОГАЧЕВА Мария,ж,49,Фитнес Хаус,2:51.80,620,1,True
284,04.01.2025,Рождественский Кубок 2025,Санкт-Петербург,25,200,Комплексное плавание ,35 - 39,НОВИКОВА Анна,ж,38,Гравити Спорт,2:54.23,539,1,True
285,04.01.2025,Рождественский Кубок 2025,Санкт-Петербург,25,200,Комплексное плавание ,35 - 39,ЛЕБЕДЕВА Евгения,ж,38,ТимКулик Мастерс,2:59.26,495,2,True
286,04.01.2025,Рождественский Кубок 2025,Санкт-Петербург,25,200,Комплексное плавание ,35 - 39,ШАХОВА Мария,ж,38,Фитнес Хаус,3:04.49,454,3,True
287,04.01.2025,Рождественский Кубок 2025,Санкт-Петербург,25,200,Комплексное плавание ,35 - 39,ИВАННИКОВА Анна,ж,39,Дримтим,3:33.59,292,4,True
288,04.01.2025,Рождественский Кубок 2025,Санкт-Петербург,25,200,Комплексное плавание ,30 - 34,СЕМЕНОВА София,ж,30,Свимлайф Мастерс,2:38.52,655,1,True
289,04.01.2025,Рождественский Кубок 2025,Санкт-Петербург,25,200,Комплексное плавание ,30 - 34,ЛУТЧЕНКО Юлия,ж,33,Плыви Москва,3:16.40,344,2,True
290,04.01.2025,Рождественский Кубок 2025,Санкт-Петербург,25,200,Комплексное плавание ,25 - 29,БАХИРЕВА Кристина,ж,29,Фитнес Хаус,2:38.37,648,1,True
291,04.01.2025,Рождественский Кубок 2025,Санкт-Петербург,25,200,Комплексное плавание ,75 - 79,АНДРЕЕВ Игорь,м,79,Невские звёзды,4:18.39,378,1,True
292,04.01.2025,Рождественский Кубок 2025,Санкт-Петербург,25,200,Комплексное плавание ,65 - 69,ПОДМАРЕВ Тимур,м,68,Невские звёзды,2:48.19,782,1,True
293,04.01.2025,Рождественский Кубок 2025,Санкт-Петербург,25,200,Комплексное плавание ,65 - 69,МУЗЫЧЕНКО Сергей,м,65,Джейси Мастерс,2:56.74,673,2,True
294,04.01.2025,Рождественский Кубок 2025,Санкт-Петербург,25,200,Комплексное плавание ,65 - 69,ЛАПИКОВ Александр,м,69,Желтая субмарина,3:45.33,325,3,True
295,04.01.2025,Рождественский Кубок 2025,Санкт-Петербург,25,200,Комплексное плавание ,60 - 64,НЕНИШИН Юрий,м,61,АСМ,2:38.41,782,1,True
296,04.01.2025,Рождественский Кубок 2025,Санкт-Петербург,25,200,Комплексное плавание ,60 - 64,ГРЯЗНУХИН Константин,м,62,Мэд Вейв,2:38.47,782,2,True
297,04.01.2025,Рождественский Кубок 2025,Санкт-Петербург,25,200,Комплексное плавание ,60 - 64,КОВАЛЬ Евгений,м,61,МКМП,3:08.12,467,4,True
298,04.01.2025,Рождественский Кубок 2025,Санкт-Петербург,25,200,Комплексное плавание ,55 - 59,МУСТАФИН Ринат,м,56,АСМ,3:05.41,409,1,True
299,04.01.2025,Рождественский Кубок 2025,Санкт-Петербург,25,200,Комплексное плавание ,55 - 59,ИЛЯШЕНКОВ Игорь,м,57,АСМ,3:06.31,403,2,True
300,04.01.2025,Рождественский Кубок 2025,Санкт-Петербург,25,200,Комплексное плавание ,55 - 59,АЛЕКСАНДРОВ Кирилл,м,57,Невские звёзды,3:52.95,206,3,True
301,04.01.2025,Рождественский Кубок 2025,Санкт-Петербург,25,200,Комплексное плавание ,50 - 54,СЛИПЕНКО Константин,м,53,Фитнес Хаус,2:42.17,562,1,True
302,04.01.2025,Рождественский Кубок 2025,Санкт-Петербург,25,200,Комплексное плавание ,50 - 54,ИВАНОВ Михаил,м,51,Невские звёзды,3:04.80,380,2,True
303,04.01.2025,Рождественский Кубок 2025,Санкт-Петербург,25,200,Комплексное плавание ,50 - 54,КАРНАУШЕНКО Сергей,м,53,Фитнес Хаус,3:16.53,316,3,True
304,04.01.2025,Рождественский Кубок 2025,Санкт-Петербург,25,200,Комплексное плавание ,45 - 49,АЛЕКСЕЕВ Андрей,м,46,АСМ,2:30.47,656,1,True
305,04.01.2025,Рождественский Кубок 2025,Санкт-Петербург,25,200,Комплексное плавание ,45 - 49,ПРАВДИН Дмитрий,м,48,Гидра Мастерс,2:48.29,469,2,True
306,04.01.2025,Рождественский Кубок 2025,Санкт-Петербург,25,200,Комплексное плавание ,40 - 44,БАРАНОВ Вадим,м,42,Невские звёзды,2:23.86,686,1,True
307,04.01.2025,Рождественский Кубок 2025,Санкт-Петербург,25,200,Комплексное плавание ,40 - 44,САЛОВ Антон,м,40,Драфт,2:33.20,568,2,True
308,04.01.2025,Рождественский Кубок 2025,Санкт-Петербург,25,200,Комплексное плавание ,40 - 44,ПЕТРОВ Дмитрий,м,41,Фитнес Хаус,2:39.93,499,5,True
309,04.01.2025,Рождественский Кубок 2025,Санкт-Петербург,25,200,Комплексное плавание ,35 - 39,КАРПОВ Виталий,м,36,Фитнес Хаус,2:42.40,454,2,True
310,04.01.2025,Рождественский Кубок 2025,Санкт-Петербург,25,200,Комплексное плавание ,35 - 39,БУДНИКОВ Дмитрий,м,38,Волна,2:55.49,360,3,True
311,04.01.2025,Рождественский Кубок 2025,Санкт-Петербург,25,200,Комплексное плавание ,35 - 39,КУРАПЦЕВ Алексей,м,36,Гидра Мастерс,2:55.93,357,4,True
312,04.01.2025,Рождественский Кубок 2025,Санкт-Петербург,25,200,Комплексное плавание ,30 - 34,ИОГИН Егор,м,31,Свимлайф Мастерс,2:09.76,792,1,True
313,04.01.2025,Рождественский Кубок 2025,Санкт-Петербург,25,200,Комплексное плавание ,30 - 34,МОРОЗОВ Александр,м,32,Гидра Мастерс,2:21.34,613,3,True
314,04.01.2025,Рождественский Кубок 2025,Санкт-Петербург,25,200,Комплексное плавание ,30 - 34,ХМЕЛЕВСКИЙ Алексей,м,32,Летс Свим,2:23.95,580,4,True
315,04.01.2025,Рождественский Кубок 2025,Санкт-Петербург,25,200,Комплексное плавание ,30 - 34,КОСАРЕВ Иван,м,33,Драфт,2:35.17,463,5,True
316,04.01.2025,Рождественский Кубок 2025,Санкт-Петербург,25,200,Комплексное плавание ,30 - 34,ШАФОРОСТОВ Максим,м,34,Невские звёзды,2:38.87,431,6,True
317,04.01.2025,Рождественский Кубок 2025,Санкт-Петербург,25,200,Комплексное плавание ,30 - 34,КУСТОВ Дмитрий,м,32,Курносов Тим,2:45.40,382,7,True
318,05.01.2025,Рождественский Кубок 2025,Санкт-Петербург,25,50,Вольный стиль ,70 - 74,БЕЛИНСКАЯ Наталья,ж,71,Невские звёзды,40.67,559,1,True
319,05.01.2025,Рождественский Кубок 2025,Санкт-Петербург,25,50,Вольный стиль ,65 - 69,КЕДРОВА Ольга,ж,65,Невские звёзды,34.84,705,1,True
320,05.01.2025,Рождественский Кубок 2025,Санкт-Петербург,25,50,Вольный стиль ,65 - 69,ОЛЕЙНИК Елена,ж,66,Гравити Спорт,38.06,541,2,True
321,05.01.2025,Рождественский Кубок 2025,Санкт-Петербург,25,50,Вольный стиль ,65 - 69,МАЛИКОВА Марина,ж,66,Курносов Тим,40.30,456,3,True
322,05.01.2025,Рождественский Кубок 2025,Санкт-Петербург,25,50,Вольный стиль ,60 - 64,ТЕРЯЕВА Ирина,ж,60,Невские звёзды,32.55,743,1,True
323,05.01.2025,Рождественский Кубок 2025,Санкт-Петербург,25,50,Вольный стиль ,60 - 64,СМИРНОВА Любовь,ж,60,Гидра Мастерс,39.04,431,2,True
324,05.01.2025,Рождественский Кубок 2025,Санкт-Петербург,25,50,Вольный стиль ,60 - 64,ПАВЛОВА Елена,ж,60,Невские звёзды,41.40,361,3,True
325,05.01.2025,Рождественский Кубок 2025,Санкт-Петербург,25,50,Вольный стиль ,60 - 64,ЛЫСКОВА Ольга,ж,62,Лада,42.48,334,4,True
326,05.01.2025,Рождественский Кубок 2025,Санкт-Петербург,25,50,Вольный стиль ,55 - 59,ПЛОТНИЦКАЯ Светлана,ж,57,Свимлайф Мастерс,30.82,757,1,True
327,05.01.2025,Рождественский Кубок 2025,Санкт-Петербург,25,50,Вольный стиль ,55 - 59,БОЕВА Юлия,ж,56,Олимп,31.18,732,2,True
328,05.01.2025,Рождественский Кубок 2025,Санкт-Петербург,25,50,Вольный стиль ,55 - 59,ГОРШКОВА Ирина,ж,59,Фитнес Хаус,38.73,381,3,True
329,05.01.2025,Рождественский Кубок 2025,Санкт-Петербург,25,50,Вольный стиль ,50 - 54,БЛИНОВА Людмила,ж,50,Лада,31.43,653,1,True
330,05.01.2025,Рождественский Кубок 2025,Санкт-Петербург,25,50,Вольный стиль ,50 - 54,МАККАВЕЕВА Анна,ж,52,Фитнес Хаус,35.96,436,2,True
331,05.01.2025,Рождественский Кубок 2025,Санкт-Петербург,25,50,Вольный стиль ,50 - 54,СМОЛЬЯНИНОВА Оксана,ж,51,Фитнес Хаус,37.92,372,3,True
332,05.01.2025,Рождественский Кубок 2025,Санкт-Петербург,25,50,Вольный стиль ,50 - 54,ШЕВЧУК Людмила,ж,51,Сириус СПб,40.80,298,4,True
333,05.01.2025,Рождественский Кубок 2025,Санкт-Петербург,25,50,Вольный стиль ,45 - 49,КОМИНА Татьяна,ж,48,Гидра Мастерс,31.11,640,2,True
334,05.01.2025,Рождественский Кубок 2025,Санкт-Петербург,25,50,Вольный стиль ,45 - 49,БАРАНОВА Мария,ж,45,Невские звёзды,35.67,425,3,True
335,05.01.2025,Рождественский Кубок 2025,Санкт-Петербург,25,50,Вольный стиль ,45 - 49,ШАШКИНА Надежда,ж,45,Плыви Москва,40.88,282,4,True
336,05.01.2025,Рождественский Кубок 2025,Санкт-Петербург,25,50,Вольный стиль ,40 - 44,ЦАРЬКОВА Инга,ж,42,Свимлайф Мастерс,28.92,770,1,True
337,05.01.2025,Рождественский Кубок 2025,Санкт-Петербург,25,50,Вольный стиль ,40 - 44,ПОСТНИКОВА Екатерина,ж,42,Невские звёзды,34.19,466,4,True
338,05.01.2025,Рождественский Кубок 2025,Санкт-Петербург,25,50,Вольный стиль ,35 - 39,БЕРКОВА Светлана,ж,36,Гидра Мастерс,26.70,925,1,True
339,05.01.2025,Рождественский Кубок 2025,Санкт-Петербург,25,50,Вольный стиль ,35 - 39,БРЫНЦЕВА Евгения,ж,37,Мэд Вейв,27.88,812,2,True
340,05.01.2025,Рождественский Кубок 2025,Санкт-Петербург,25,50,Вольный стиль ,35 - 39,ПОПОВА Юлия,ж,39,Фитнес Хаус,29.45,689,3,True
341,05.01.2025,Рождественский Кубок 2025,Санкт-Петербург,25,50,Вольный стиль ,35 - 39,НОВИКОВА Анна,ж,38,Гравити Спорт,30.10,646,4,True
342,05.01.2025,Рождественский Кубок 2025,Санкт-Петербург,25,50,Вольный стиль ,35 - 39,ДУДИНА Анастасия,ж,36,Фитнес Хаус,31.30,574,5,True
343,05.01.2025,Рождественский Кубок 2025,Санкт-Петербург,25,50,Вольный стиль ,35 - 39,СУРОВЦОВА Марина,ж,39,ТимКулик Мастерс,32.38,518,6,True
344,05.01.2025,Рождественский Кубок 2025,Санкт-Петербург,25,50,Вольный стиль ,35 - 39,ЛЕБЕДЕВА Евгения,ж,38,ТимКулик Мастерс,33.12,484,7,True
345,05.01.2025,Рождественский Кубок 2025,Санкт-Петербург,25,50,Вольный стиль ,35 - 39,УСТИМЕНКО Татьяна,ж,37,Гравити Спорт,33.54,466,8,True
346,05.01.2025,Рождественский Кубок 2025,Санкт-Петербург,25,50,Вольный стиль ,35 - 39,ЛИХАЧЕВА Ксения,ж,37,Невские звёзды,35.35,398,9,True
347,05.01.2025,Рождественский Кубок 2025,Санкт-Петербург,25,50,Вольный стиль ,30 - 34,СЕМЕНОВА София,ж,30,Свимлайф Мастерс,28.09,760,1,True
348,05.01.2025,Рождественский Кубок 2025,Санкт-Петербург,25,50,Вольный стиль ,30 - 34,СТРУГОВА Мария,ж,30,Гидра Мастерс,29.62,648,2,True
349,05.01.2025,Рождественский Кубок 2025,Санкт-Петербург,25,50,Вольный стиль ,30 - 34,АЛЕКСЕЕВА Анастасия,ж,34,Невские звёзды,30.13,616,3,True
350,05.01.2025,Рождественский Кубок 2025,Санкт-Петербург,25,50,Вольный стиль ,30 - 34,НОВОПАШИНА Екатерина,ж,32,Гидра Мастерс,30.17,613,4,True
351,05.01.2025,Рождественский Кубок 2025,Санкт-Петербург,25,50,Вольный стиль ,30 - 34,СОРОКИНА Татьяна,ж,30,Фитнес Хаус,31.57,535,5,True
352,05.01.2025,Рождественский Кубок 2025,Санкт-Петербург,25,50,Вольный стиль ,30 - 34,ТРУШНИКОВА Наталья,ж,31,Фитнес Хаус,32.63,485,7,True
353,05.01.2025,Рождественский Кубок 2025,Санкт-Петербург,25,50,Вольный стиль ,25 - 29,ГИЛЯЗЕВА Елена,ж,25,Фитнес Хаус,28.18,721,1,True
354,05.01.2025,Рождественский Кубок 2025,Санкт-Петербург,25,50,Вольный стиль ,25 - 29,РАЗУВАЕВА Анна,ж,28,ЦСКА,28.41,704,2,True
355,05.01.2025,Рождественский Кубок 2025,Санкт-Петербург,25,50,Вольный стиль ,25 - 29,ОРЛОВА Мария,ж,25,Фитнес Хаус,29.98,599,3,True
356,05.01.2025,Рождественский Кубок 2025,Санкт-Петербург,25,50,Вольный стиль ,25 - 29,ДАНИЛЕВИЧ Дарья,ж,26,Невские звёзды,32.16,485,4,True
357,05.01.2025,Рождественский Кубок 2025,Санкт-Петербург,25,50,Вольный стиль ,85 - 89,ЛАШОВ Олег,м,86,Посейдон,1:01.28,222,1,True
358,05.01.2025,Рождественский Кубок 2025,Санкт-Петербург,25,50,Вольный стиль ,75 - 79,ПЕТКАУ Олег,м,78,Невские звёзды,34.62,698,1,True
359,05.01.2025,Рождественский Кубок 2025,Санкт-Петербург,25,50,Вольный стиль ,75 - 79,НЕФЕДОВ Владимир,м,76,Невские звёзды,36.69,586,2,True
360,05.01.2025,Рождественский Кубок 2025,Санкт-Петербург,25,50,Вольный стиль ,70 - 74,СТРАЖИН Николай,м,73,Драфт,32.87,662,2,True
361,05.01.2025,Рождественский Кубок 2025,Санкт-Петербург,25,50,Вольный стиль ,70 - 74,ПЕТРОВ Андрей,м,71,Фитнес Хаус,39.14,392,4,True
362,05.01.2025,Рождественский Кубок 2025,Санкт-Петербург,25,50,Вольный стиль ,65 - 69,МУЗЫЧЕНКО Сергей,м,65,Джейси Мастерс,28.85,797,1,True
363,05.01.2025,Рождественский Кубок 2025,Санкт-Петербург,25,50,Вольный стиль ,65 - 69,АНДРЕЕВ Александр,м,65,Невские звёзды,29.87,718,2,True
364,05.01.2025,Рождественский Кубок 2025,Санкт-Петербург,25,50,Вольный стиль ,65 - 69,ДЕРЕВЯНКИН Виталий,м,65,Невские звёзды,30.83,653,3,True
365,05.01.2025,Рождественский Кубок 2025,Санкт-Петербург,25,50,Вольный стиль ,65 - 69,БУБЛИКОВ Константин,м,66,Невские звёзды,31.51,611,4,True
366,05.01.2025,Рождественский Кубок 2025,Санкт-Петербург,25,50,Вольный стиль ,65 - 69,ЕЛЬЧАНИНОВ Владимир,м,66,Драфт,31.97,585,5,True
367,05.01.2025,Рождественский Кубок 2025,Санкт-Петербург,25,50,Вольный стиль ,65 - 69,ПУЛИНЕЦ Вадим,м,66,Невские звёзды,32.81,541,6,True
368,05.01.2025,Рождественский Кубок 2025,Санкт-Петербург,25,50,Вольный стиль ,65 - 69,АНТИПОВ Александр,м,69,Солнечногорье,34.72,457,7,True
369,05.01.2025,Рождественский Кубок 2025,Санкт-Петербург,25,50,Вольный стиль ,65 - 69,КАНАЕВ Николай,м,69,Сириус СПб,36.95,379,8,True
370,05.01.2025,Рождественский Кубок 2025,Санкт-Петербург,25,50,Вольный стиль ,65 - 69,МЯКИШЕВ Артемий,м,68,МКМП,42.36,251,9,True
371,05.01.2025,Рождественский Кубок 2025,Санкт-Петербург,25,50,Вольный стиль ,60 - 64,ТРУСОВ Алексей,м,61,Спрут,28.59,713,1,True
372,05.01.2025,Рождественский Кубок 2025,Санкт-Петербург,25,50,Вольный стиль ,60 - 64,СТАСЬКО Андрей,м,62,Фитнес Хаус,30.36,596,2,True
373,05.01.2025,Рождественский Кубок 2025,Санкт-Петербург,25,50,Вольный стиль ,60 - 64,СМИРНОВ Игорь,м,60,Фитнес Хаус,30.52,586,3,True
374,05.01.2025,Рождественский Кубок 2025,Санкт-Петербург,25,50,Вольный стиль ,60 - 64,СИЗИКОВ Геннадий,м,62,Мордовские Лисы,30.85,568,4,True
375,05.01.2025,Рождественский Кубок 2025,Санкт-Петербург,25,50,Вольный стиль ,60 - 64,АНДРОСОВ Сергей,м,62,КВСП,31.18,550,5,True
376,05.01.2025,Рождественский Кубок 2025,Санкт-Петербург,25,50,Вольный стиль ,60 - 64,ЛЫСКОВ Александр,м,61,ЦСКА,33.12,459,6,True
377,05.01.2025,Рождественский Кубок 2025,Санкт-Петербург,25,50,Вольный стиль ,60 - 64,ЕВДОКИМОВ Юрий,м,63,Фитнес Хаус,33.17,457,7,True
378,05.01.2025,Рождественский Кубок 2025,Санкт-Петербург,25,50,Вольный стиль ,60 - 64,ПАВЛОВ Роман,м,63,Спрут,35.07,386,8,True
379,05.01.2025,Рождественский Кубок 2025,Санкт-Петербург,25,50,Вольный стиль ,60 - 64,МОСКАЛЕНКО Александр,м,63,Джейси Мастерс,35.35,377,9,True
380,05.01.2025,Рождественский Кубок 2025,Санкт-Петербург,25,50,Вольный стиль ,55 - 59,БАЛЯКОВ Дмитрий,м,59,Невские звёзды,26.99,775,2,True
381,05.01.2025,Рождественский Кубок 2025,Санкт-Петербург,25,50,Вольный стиль ,55 - 59,КУЛИК Михаил,м,57,Гравити Спорт,27.89,703,3,True
382,05.01.2025,Рождественский Кубок 2025,Санкт-Петербург,25,50,Вольный стиль ,55 - 59,ЗАХАРОВ Александр,м,57,Фитнес Хаус,29.79,576,5,True
383,05.01.2025,Рождественский Кубок 2025,Санкт-Петербург,25,50,Вольный стиль ,55 - 59,БЕЛОЗЕРЦЕВ Юрий,м,56,Касатка,29.80,576,6,True
384,05.01.2025,Рождественский Кубок 2025,Санкт-Петербург,25,50,Вольный стиль ,55 - 59,ЗАЙЧЕНКО Дмитрий,м,55,Фитнес Хаус,29.89,571,7,True
385,05.01.2025,Рождественский Кубок 2025,Санкт-Петербург,25,50,Вольный стиль ,55 - 59,ИЛЯШЕНКОВ Игорь,м,57,АСМ,30.22,552,8,True
386,05.01.2025,Рождественский Кубок 2025,Санкт-Петербург,25,50,Вольный стиль ,55 - 59,ТИТОВ Константин,м,57,АСМ,31.24,500,9,True
387,05.01.2025,Рождественский Кубок 2025,Санкт-Петербург,25,50,Вольный стиль ,50 - 54,РАСПОПОВ Владимир,м,52,Спрут,26.48,727,1,True
388,05.01.2025,Рождественский Кубок 2025,Санкт-Петербург,25,50,Вольный стиль ,50 - 54,РУДАКОВ Александр,м,50,КВСП,27.39,656,2,True
389,05.01.2025,Рождественский Кубок 2025,Санкт-Петербург,25,50,Вольный стиль ,45 - 49,ШИЛИН Александр,м,49,Невские звёзды,24.84,856,1,True
390,05.01.2025,Рождественский Кубок 2025,Санкт-Петербург,25,50,Вольный стиль ,45 - 49,ПОТЁМКИН Евгений,м,47,АСМ,25.46,795,2,True
391,05.01.2025,Рождественский Кубок 2025,Санкт-Петербург,25,50,Вольный стиль ,45 - 49,СЛАБЧУК Юрий,м,46,Гидра Мастерс,25.55,787,3,True
392,05.01.2025,Рождественский Кубок 2025,Санкт-Петербург,25,50,Вольный стиль ,45 - 49,БОНДАРЕНКО Павел,м,49,Сириус СПб,26.23,727,4,True
393,05.01.2025,Рождественский Кубок 2025,Санкт-Петербург,25,50,Вольный стиль ,45 - 49,ПОЗДЯЕВ Евгений,м,47,Радуга,26.55,701,5,True
394,05.01.2025,Рождественский Кубок 2025,Санкт-Петербург,25,50,Вольный стиль ,45 - 49,МАРКОВ Сергей,м,46,Свимлайф Мастерс,26.76,685,6,True
395,05.01.2025,Рождественский Кубок 2025,Санкт-Петербург,25,50,Вольный стиль ,45 - 49,КОРЧИН Денис,м,48,Фитнес Хаус,28.07,593,7,True
396,05.01.2025,Рождественский Кубок 2025,Санкт-Петербург,25,50,Вольный стиль ,45 - 49,ШЕБАШОВ Сергей,м,47,Тройка,28.92,542,9,True
397,05.01.2025,Рождественский Кубок 2025,Санкт-Петербург,25,50,Вольный стиль ,40 - 44,ЧУНАЕВ Игорь,м,43,Сибмастерс,24.52,823,1,True
398,05.01.2025,Рождественский Кубок 2025,Санкт-Петербург,25,50,Вольный стиль ,40 - 44,МИХАЙЛОВ Владимир,м,42,АСМ,26.49,652,3,True
399,05.01.2025,Рождественский Кубок 2025,Санкт-Петербург,25,50,Вольный стиль ,40 - 44,САЛОВ Антон,м,40,Драфт,27.46,586,4,True
400,05.01.2025,Рождественский Кубок 2025,Санкт-Петербург,25,50,Вольный стиль ,40 - 44,ВЕРТЯНКИН Александр,м,40,Курносов Тим,27.55,580,5,True
401,05.01.2025,Рождественский Кубок 2025,Санкт-Петербург,25,50,Вольный стиль ,40 - 44,ПЕТРОВ Дмитрий,м,41,Фитнес Хаус,27.62,575,6,True
402,05.01.2025,Рождественский Кубок 2025,Санкт-Петербург,25,50,Вольный стиль ,40 - 44,МАЛИНОВСКИЙ Александр,м,40,Драфт,27.81,564,7,True
403,05.01.2025,Рождественский Кубок 2025,Санкт-Петербург,25,50,Вольный стиль ,40 - 44,ПАВЛОВ Алексей,м,42,Гидра Мастерс,27.86,561,8,True
404,05.01.2025,Рождественский Кубок 2025,Санкт-Петербург,25,50,Вольный стиль ,35 - 39,БОБОВИК Юрий,м,36,Гидра Мастерс,25.15,690,1,True
405,05.01.2025,Рождественский Кубок 2025,Санкт-Петербург,25,50,Вольный стиль ,35 - 39,МАРТЫНОВ Максим,м,38,Невские звёзды,26.37,599,2,True
406,05.01.2025,Рождественский Кубок 2025,Санкт-Петербург,25,50,Вольный стиль ,35 - 39,АЛЕКСАШИН Александр,м,38,Сириус СПб,27.36,536,3,True
407,05.01.2025,Рождественский Кубок 2025,Санкт-Петербург,25,50,Вольный стиль ,35 - 39,ПРОХОРЕНКО Федор,м,39,Гидра Мастерс,27.38,535,4,True
408,05.01.2025,Рождественский Кубок 2025,Санкт-Петербург,25,50,Вольный стиль ,35 - 39,МАРТЫНОВ Владимир,м,37,Невские звёзды,27.85,508,5,True
409,05.01.2025,Рождественский Кубок 2025,Санкт-Петербург,25,50,Вольный стиль ,35 - 39,ЕЛИЗАРОВ Павел,м,37,Плыви Москва,27.99,500,6,True
410,05.01.2025,Рождественский Кубок 2025,Санкт-Петербург,25,50,Вольный стиль ,35 - 39,БУДНИКОВ Дмитрий,м,38,Волна,29.66,421,7,True
411,05.01.2025,Рождественский Кубок 2025,Санкт-Петербург,25,50,Вольный стиль ,35 - 39,КРИЕВС Кирилл,м,36,Летс Свим,29.95,408,8,True
412,05.01.2025,Рождественский Кубок 2025,Санкт-Петербург,25,50,Вольный стиль ,35 - 39,БОГОЯВЛЕНСКИЙ Николай,м,35,Гидра Мастерс,30.33,393,9,True
413,05.01.2025,Рождественский Кубок 2025,Санкт-Петербург,25,50,Вольный стиль ,30 - 34,МУМИНОВ Диор,м,30,Гравити Спорт,23.44,831,1,True
414,05.01.2025,Рождественский Кубок 2025,Санкт-Петербург,25,50,Вольный стиль ,30 - 34,ГУСЕВ Владимир,м,31,Фитнес Хаус,23.82,792,2,True
415,05.01.2025,Рождественский Кубок 2025,Санкт-Петербург,25,50,Вольный стиль ,30 - 34,КОЛЕСНИКОВ Станислав,м,32,Свимлайф Мастерс,23.91,783,3,True
416,05.01.2025,Рождественский Кубок 2025,Санкт-Петербург,25,50,Вольный стиль ,30 - 34,ИВАНЮК Анатолий,м,34,Гравити Спорт,24.05,769,4,True
417,05.01.2025,Рождественский Кубок 2025,Санкт-Петербург,25,50,Вольный стиль ,30 - 34,ТИХОМИРОВ Александр,м,34,Гравити Спорт,24.82,700,5,True
418,05.01.2025,Рождественский Кубок 2025,Санкт-Петербург,25,50,Вольный стиль ,30 - 34,ЛУКЬЯНЕНКО Кирилл,м,31,Свимлайф Мастерс,25.31,660,6,True
419,05.01.2025,Рождественский Кубок 2025,Санкт-Петербург,25,50,Вольный стиль ,30 - 34,МОРДОВЦЕВ Артур,м,34,Джейси Мастерс,25.79,624,7,True
420,05.01.2025,Рождественский Кубок 2025,Санкт-Петербург,25,50,Вольный стиль ,30 - 34,КУЗЬМЕНКО Валерий,м,30,Фитнес Хаус,26.73,560,8,True
421,05.01.2025,Рождественский Кубок 2025,Санкт-Петербург,25,50,Вольный стиль ,30 - 34,ГАЧЕВСКИЙ Андрей,м,32,Территория Фитнеса,27.91,492,9,True
422,05.01.2025,Рождественский Кубок 2025,Санкт-Петербург,25,50,Вольный стиль ,25 - 29,БРЯНСКИЙ Алексей,м,28,Плыви Москва,22.91,869,1,True
423,05.01.2025,Рождественский Кубок 2025,Санкт-Петербург,25,50,Вольный стиль ,25 - 29,СТАЦЕВИЧ Дмитрий,м,29,Свимлайф Мастерс,24.93,675,2,True
424,05.01.2025,Рождественский Кубок 2025,Санкт-Петербург,25,50,Вольный стиль ,25 - 29,ЯРОПОЛОВ Дмитрий,м,27,АСМ,26.16,584,4,True
425,05.01.2025,Рождественский Кубок 2025,Санкт-Петербург,25,50,Вольный стиль ,25 - 29,МАНАКОВ Игорь,м,29,Плыви Москва,26.53,560,6,True
426,05.01.2025,Рождественский Кубок 2025,Санкт-Петербург,25,50,Вольный стиль ,25 - 29,КУЗНЕЦОВ Виталий,м,27,Фитнес Хаус,26.79,544,8,True
427,05.01.2025,Рождественский Кубок 2025,Санкт-Петербург,25,50,Вольный стиль ,25 - 29,КОРОМЫСЛОВ Кирилл,м,27,Фитнес Хаус,26.80,543,9,True
428,05.01.2025,Рождественский Кубок 2025,Санкт-Петербург,25,50,Брасс,70 - 74,ШАНГИНА Ирина,ж,70,Невские звёзды,43.84,1047,1,True
429,05.01.2025,Рождественский Кубок 2025,Санкт-Петербург,25,50,Брасс,70 - 74,БЕЛИНСКАЯ Наталья,ж,71,Невские звёзды,50.54,683,2,True
430,05.01.2025,Рождественский Кубок 2025,Санкт-Петербург,25,50,Брасс,65 - 69,ОЛЕЙНИК Елена,ж,66,Гравити Спорт,46.53,704,1,True
431,05.01.2025,Рождественский Кубок 2025,Санкт-Петербург,25,50,Брасс,65 - 69,ЛЕОНТЮК Любовь,ж,69,Джейси Мастерс,50.96,536,2,True
432,05.01.2025,Рождественский Кубок 2025,Санкт-Петербург,25,50,Брасс,60 - 64,ПРОКОФЬЕВА Татьяна,ж,60,Спартак,39.39,902,1,True
433,05.01.2025,Рождественский Кубок 2025,Санкт-Петербург,25,50,Брасс,60 - 64,МАЛЬЦЕВА Марина,ж,64,Спрут,41.46,774,2,True
434,05.01.2025,Рождественский Кубок 2025,Санкт-Петербург,25,50,Брасс,60 - 64,КОРОТКОВА Марина,ж,64,Невские звёзды,45.42,588,3,True
435,05.01.2025,Рождественский Кубок 2025,Санкт-Петербург,25,50,Брасс,60 - 64,ФИЛИППОВСКАЯ Светлана,ж,61,Фитнес Хаус,45.94,569,4,True
436,05.01.2025,Рождественский Кубок 2025,Санкт-Петербург,25,50,Брасс,60 - 64,КИЙЛО Светлана,ж,62,Спартак,46.47,549,5,True
437,05.01.2025,Рождественский Кубок 2025,Санкт-Петербург,25,50,Брасс,60 - 64,ГРИГОРЬЕВА Елена,ж,63,Драфт,46.84,536,6,True
438,05.01.2025,Рождественский Кубок 2025,Санкт-Петербург,25,50,Брасс,60 - 64,БЕЛАЯ Наталья,ж,60,Невские звёзды,50.97,416,7,True
439,05.01.2025,Рождественский Кубок 2025,Санкт-Петербург,25,50,Брасс,55 - 59,ПИСКУНОВА Екатерина,ж,56,Фитнес Хаус,53.13,322,2,True
440,05.01.2025,Рождественский Кубок 2025,Санкт-Петербург,25,50,Брасс,50 - 54,БРОНИЦКАЯ Оксана,ж,53,Цунами,39.81,670,1,True
441,05.01.2025,Рождественский Кубок 2025,Санкт-Петербург,25,50,Брасс,50 - 54,ХОРС Елена,ж,50,Тройка,41.23,603,2,True
442,05.01.2025,Рождественский Кубок 2025,Санкт-Петербург,25,50,Брасс,45 - 49,ВАХИВСКАЯ Анна,ж,48,Фитнес Хаус,39.26,644,1,True
443,05.01.2025,Рождественский Кубок 2025,Санкт-Петербург,25,50,Брасс,45 - 49,КОМИНА Татьяна,ж,48,Гидра Мастерс,40.05,607,2,True
444,05.01.2025,Рождественский Кубок 2025,Санкт-Петербург,25,50,Брасс,45 - 49,ШАШКИНА Надежда,ж,45,Плыви Москва,46.55,386,3,True
445,05.01.2025,Рождественский Кубок 2025,Санкт-Петербург,25,50,Брасс,45 - 49,КРОМБАЛЕВА Наталья,ж,46,Фитнес Хаус,46.69,383,4,True
446,05.01.2025,Рождественский Кубок 2025,Санкт-Петербург,25,50,Брасс,45 - 49,КОСТЕРЕВА Екатерина,ж,49,Фитнес Хаус,47.55,362,5,True
447,05.01.2025,Рождественский Кубок 2025,Санкт-Петербург,25,50,Брасс,45 - 49,АСТАХОВА Ольга,ж,45,ФИТкультура,54.03,247,6,True
448,05.01.2025,Рождественский Кубок 2025,Санкт-Петербург,25,50,Брасс,40 - 44,ГЛЕБОВА Екатерина,ж,40,Свимлайф Мастерс,36.17,754,1,True
449,05.01.2025,Рождественский Кубок 2025,Санкт-Петербург,25,50,Брасс,40 - 44,ПОЛЕЙКИНА Анна,ж,44,Фитнес Хаус,38.77,612,2,True
450,05.01.2025,Рождественский Кубок 2025,Санкт-Петербург,25,50,Брасс,40 - 44,НИКИТИНА Елизавета,ж,40,Фитнес Хаус,39.54,577,3,True
451,05.01.2025,Рождественский Кубок 2025,Санкт-Петербург,25,50,Брасс,40 - 44,ГОРБУНОВА Анастасия,ж,43,Посейдон,42.38,469,4,True
452,05.01.2025,Рождественский Кубок 2025,Санкт-Петербург,25,50,Брасс,40 - 44,РОСТОВА Валентина,ж,43,Невские звёзды,45.99,367,6,True
453,05.01.2025,Рождественский Кубок 2025,Санкт-Петербург,25,50,Брасс,35 - 39,БЕРКОВА Светлана,ж,36,Гидра Мастерс,34.05,850,1,True
454,05.01.2025,Рождественский Кубок 2025,Санкт-Петербург,25,50,Брасс,35 - 39,БОГДАНОВА Надежда,ж,39,Фитнес Хаус,41.41,472,2,True
455,05.01.2025,Рождественский Кубок 2025,Санкт-Петербург,25,50,Брасс,30 - 34,СЕСОРОВА Александра,ж,31,Мэд Вейв,33.29,869,1,True
456,05.01.2025,Рождественский Кубок 2025,Санкт-Петербург,25,50,Брасс,30 - 34,НОВОПАШИНА Екатерина,ж,32,Гидра Мастерс,38.58,558,2,True
457,05.01.2025,Рождественский Кубок 2025,Санкт-Петербург,25,50,Брасс,30 - 34,ЛОГАЧЕВА Анастасия,ж,34,Гидра Мастерс,43.05,401,3,True
458,05.01.2025,Рождественский Кубок 2025,Санкт-Петербург,25,50,Брасс,25 - 29,ПУГАЧЕВА Регина,ж,27,Свимлайф Мастерс,33.76,809,1,True
459,05.01.2025,Рождественский Кубок 2025,Санкт-Петербург,25,50,Брасс,25 - 29,ВАРЛАМОВА Дарья,ж,26,Свимлайф Мастерс,34.68,746,2,True
460,05.01.2025,Рождественский Кубок 2025,Санкт-Петербург,25,50,Брасс,85 - 89,ЛАШОВ Олег,м,86,Посейдон,1:13.42,289,1,True
461,05.01.2025,Рождественский Кубок 2025,Санкт-Петербург,25,50,Брасс,80 - 84,ЧУДАКОВ Николай,м,82,Джейси Мастерс,56.34,471,1,True
462,05.01.2025,Рождественский Кубок 2025,Санкт-Петербург,25,50,Брасс,75 - 79,ЕСИПОВ Виктор,м,77,Посейдон,43.82,763,1,True
463,05.01.2025,Рождественский Кубок 2025,Санкт-Петербург,25,50,Брасс,75 - 79,ХАРЧЕНКО Александр,м,78,Невские звёзды,45.17,697,2,True
464,05.01.2025,Рождественский Кубок 2025,Санкт-Петербург,25,50,Брасс,75 - 79,ЕРШОВ Олег,м,75,Мещера,45.42,685,3,True
465,05.01.2025,Рождественский Кубок 2025,Санкт-Петербург,25,50,Брасс,75 - 79,БУРЦЕВ Владимир,м,79,Таврида Мастерс,50.97,485,4,True
466,05.01.2025,Рождественский Кубок 2025,Санкт-Петербург,25,50,Брасс,75 - 79,МАШКОВ Георгий,м,76,Мордовские Лисы,52.22,451,5,True
467,05.01.2025,Рождественский Кубок 2025,Санкт-Петербург,25,50,Брасс,70 - 74,СТАРИКОВ Илья,м,70,Цунами,37.32,932,1,True
468,05.01.2025,Рождественский Кубок 2025,Санкт-Петербург,25,50,Брасс,70 - 74,ГЕТЬМАН Владимир,м,72,SD Riba,40.83,712,2,True
469,05.01.2025,Рождественский Кубок 2025,Санкт-Петербург,25,50,Брасс,65 - 69,ПОДМАРЕВ Тимур,м,68,Невские звёзды,36.17,822,2,True
470,05.01.2025,Рождественский Кубок 2025,Санкт-Петербург,25,50,Брасс,65 - 69,ЛУКИН Игорь,м,68,Посейдон,38.90,661,3,True
471,05.01.2025,Рождественский Кубок 2025,Санкт-Петербург,25,50,Брасс,65 - 69,ЕЛЬЧАНИНОВ Владимир,м,66,Драфт,40.56,583,4,True
472,05.01.2025,Рождественский Кубок 2025,Санкт-Петербург,25,50,Брасс,65 - 69,ЛИСОВСКИЙ Александр,м,66,Фитнес Хаус,56.10,220,5,True
473,05.01.2025,Рождественский Кубок 2025,Санкт-Петербург,25,50,Брасс,60 - 64,НЕНИШИН Юрий,м,61,АСМ,34.86,796,1,True
474,05.01.2025,Рождественский Кубок 2025,Санкт-Петербург,25,50,Брасс,60 - 64,СТЯЖКИН Владимир,м,62,Мэд Вейв,37.15,658,2,True
475,05.01.2025,Рождественский Кубок 2025,Санкт-Петербург,25,50,Брасс,60 - 64,РУДЕНКО Виктор,м,62,Гидра Мастерс,40.47,509,3,True
476,05.01.2025,Рождественский Кубок 2025,Санкт-Петербург,25,50,Брасс,60 - 64,МОСКАЛЕНКО Александр,м,63,Джейси Мастерс,46.18,342,4,True
477,05.01.2025,Рождественский Кубок 2025,Санкт-Петербург,25,50,Брасс,55 - 59,ПЛЕХАНОВ Алексей,м,57,Фитнес Хаус,30.83,1018,1,True
478,05.01.2025,Рождественский Кубок 2025,Санкт-Петербург,25,50,Брасс,55 - 59,ЛЕБЕДЕВ Павел,м,57,Мэд Вейв,31.67,939,2,True
479,05.01.2025,Рождественский Кубок 2025,Санкт-Петербург,25,50,Брасс,55 - 59,КУЛИК Михаил,м,57,Гравити Спорт,34.84,705,3,True
480,05.01.2025,Рождественский Кубок 2025,Санкт-Петербург,25,50,Брасс,55 - 59,УЛОГОВ Юрий,м,58,Спрут,37.02,588,4,True
481,05.01.2025,Рождественский Кубок 2025,Санкт-Петербург,25,50,Брасс,55 - 59,КОСТРОМИЦКИЙ Сергей,м,56,Сириус СПб,38.90,507,5,True
482,05.01.2025,Рождественский Кубок 2025,Санкт-Петербург,25,50,Брасс,50 - 54,ЗОЛОТАРЁВ Вадим,м,51,Тройка,31.76,837,1,True
483,05.01.2025,Рождественский Кубок 2025,Санкт-Петербург,25,50,Брасс,50 - 54,КАЗАКОВ Павел,м,53,АСМ,33.55,710,2,True
484,05.01.2025,Рождественский Кубок 2025,Санкт-Петербург,25,50,Брасс,50 - 54,ИВАНОВ Михаил,м,51,Невские звёзды,35.35,607,4,True
485,05.01.2025,Рождественский Кубок 2025,Санкт-Петербург,25,50,Брасс,50 - 54,РЯБИНИН Антон,м,54,Мэд Вейв,36.85,536,5,True
486,05.01.2025,Рождественский Кубок 2025,Санкт-Петербург,25,50,Брасс,50 - 54,СЕРЕБРЕННИКОВ Андрей,м,54,Волна,39.66,430,6,True
487,05.01.2025,Рождественский Кубок 2025,Санкт-Петербург,25,50,Брасс,45 - 49,РЫЖОВ Евгений,м,47,Спрут,31.98,748,1,True
488,05.01.2025,Рождественский Кубок 2025,Санкт-Петербург,25,50,Брасс,45 - 49,ПОЗДЯЕВ Евгений,м,47,Радуга,32.13,738,2,True
489,05.01.2025,Рождественский Кубок 2025,Санкт-Петербург,25,50,Брасс,45 - 49,ШАРОВ Михаил,м,45,Волна,33.00,681,3,True
490,05.01.2025,Рождественский Кубок 2025,Санкт-Петербург,25,50,Брасс,45 - 49,МАКАРОВ Иван,м,46,Гравити Спорт,37.58,461,6,True
491,05.01.2025,Рождественский Кубок 2025,Санкт-Петербург,25,50,Брасс,45 - 49,ГОЛЫШЕВ Сергей,м,47,Фитнес Хаус,37.71,456,7,True
492,05.01.2025,Рождественский Кубок 2025,Санкт-Петербург,25,50,Брасс,40 - 44,КОВАЛЁВ Иван,м,40,Тройка,31.19,771,1,True
493,05.01.2025,Рождественский Кубок 2025,Санкт-Петербург,25,50,Брасс,40 - 44,СКЛЯРОВ Валентин,м,42,Гидра Мастерс,31.97,716,2,True
494,05.01.2025,Рождественский Кубок 2025,Санкт-Петербург,25,50,Брасс,40 - 44,ДРУЖИНИН Дмитрий,м,41,Гидра Мастерс,32.04,712,3,True
495,05.01.2025,Рождественский Кубок 2025,Санкт-Петербург,25,50,Брасс,40 - 44,ГУБАНОВ Сергей,м,44,Фитнес Хаус,32.30,694,4,True
496,05.01.2025,Рождественский Кубок 2025,Санкт-Петербург,25,50,Брасс,40 - 44,МОТОВ Александр,м,41,Гравити Спорт,32.55,679,5,True
497,05.01.2025,Рождественский Кубок 2025,Санкт-Петербург,25,50,Брасс,40 - 44,САВЧЕНКО Алексей,м,40,Сириус СПб,38.07,424,7,True
498,05.01.2025,Рождественский Кубок 2025,Санкт-Петербург,25,50,Брасс,40 - 44,КУЛАКОВ Александр,м,42,Невские звёзды,38.71,403,8,True
499,05.01.2025,Рождественский Кубок 2025,Санкт-Петербург,25,50,Брасс,35 - 39,ВАСИЛЬЕВ Константин,м,36,Гидра Мастерс,32.41,647,2,True
500,05.01.2025,Рождественский Кубок 2025,Санкт-Петербург,25,50,Брасс,35 - 39,МАРТЫНОВ Владимир,м,37,Невские звёзды,33.09,608,3,True
501,05.01.2025,Рождественский Кубок 2025,Санкт-Петербург,25,50,Брасс,35 - 39,СЛЕПЦОВ Александр,м,36,Невские звёзды,33.29,597,4,True
502,05.01.2025,Рождественский Кубок 2025,Санкт-Петербург,25,50,Брасс,35 - 39,ЛОГИНОВ Антон,м,38,Гидра Мастерс,33.31,596,5,True
503,05.01.2025,Рождественский Кубок 2025,Санкт-Петербург,25,50,Брасс,35 - 39,АЛЕКСАШИН Александр,м,38,Сириус СПб,33.36,593,6,True
504,05.01.2025,Рождественский Кубок 2025,Санкт-Петербург,25,50,Брасс,35 - 39,КАРПОВ Виталий,м,36,Фитнес Хаус,34.94,516,8,True
505,05.01.2025,Рождественский Кубок 2025,Санкт-Петербург,25,50,Брасс,35 - 39,СОФЬИН Александр,м,35,Драфт,35.72,483,9,True
506,05.01.2025,Рождественский Кубок 2025,Санкт-Петербург,25,50,Брасс,30 - 34,ТИХОМИРОВ Павел,м,34,Драфт,30.03,754,2,True
507,05.01.2025,Рождественский Кубок 2025,Санкт-Петербург,25,50,Брасс,30 - 34,ЛУКЬЯНЕНКО Кирилл,м,31,Свимлайф Мастерс,30.53,718,3,True
508,05.01.2025,Рождественский Кубок 2025,Санкт-Петербург,25,50,Брасс,30 - 34,КУСТОВ Дмитрий,м,32,Курносов Тим,32.85,576,4,True
509,05.01.2025,Рождественский Кубок 2025,Санкт-Петербург,25,50,Брасс,30 - 34,ЖЕЛЕЗОВ Александр,м,30,Плыви Москва,33.16,560,5,True
510,05.01.2025,Рождественский Кубок 2025,Санкт-Петербург,25,50,Брасс,30 - 34,ПРОКОФЬЕВ Павел,м,34,Гидра Мастерс,33.85,526,7,True
511,05.01.2025,Рождественский Кубок 2025,Санкт-Петербург,25,50,Брасс,25 - 29,КУЗНЕЦОВ Виталий,м,27,Фитнес Хаус,34.41,494,1,True
512,05.01.2025,Рождественский Кубок 2025,Санкт-Петербург,25,100,Баттерфляй,65 - 69,НАГОВИЦЫНА Лариса,ж,66,Цунами,1:21.53,970,1,True
513,05.01.2025,Рождественский Кубок 2025,Санкт-Петербург,25,100,Баттерфляй,60 - 64,ЛИБАНОВА Светлана,ж,61,Урал,1:26.44,600,1,True
514,05.01.2025,Рождественский Кубок 2025,Санкт-Петербург,25,100,Баттерфляй,50 - 54,БАСКАКОВА Снежана,ж,51,Тройка,1:26.58,474,1,True
515,05.01.2025,Рождественский Кубок 2025,Санкт-Петербург,25,100,Баттерфляй,45 - 49,БОГАЧЕВА Мария,ж,49,Фитнес Хаус,1:21.86,507,1,True
516,05.01.2025,Рождественский Кубок 2025,Санкт-Петербург,25,100,Баттерфляй,45 - 49,КАВЯЦКЕНЕ Анастасия,ж,49,Фитнес Хаус,1:32.57,351,2,True
517,05.01.2025,Рождественский Кубок 2025,Санкт-Петербург,25,100,Баттерфляй,25 - 29,КОНОВАЛОВА Антонина,ж,26,Тройка,1:10.88,594,1,True
518,05.01.2025,Рождественский Кубок 2025,Санкт-Петербург,25,100,Баттерфляй,70 - 74,ПЕТРОВ Андрей,м,71,Фитнес Хаус,1:54.39,275,1,True
519,05.01.2025,Рождественский Кубок 2025,Санкт-Петербург,25,100,Баттерфляй,65 - 69,ПОДМАРЕВ Тимур,м,68,Невские звёзды,1:17.32,663,1,True
520,05.01.2025,Рождественский Кубок 2025,Санкт-Петербург,25,100,Баттерфляй,65 - 69,ОРЛОВ Игорь,м,65,Посейдон,1:35.27,354,2,True
521,05.01.2025,Рождественский Кубок 2025,Санкт-Петербург,25,100,Баттерфляй,65 - 69,ЛАПИКОВ Александр,м,69,Желтая субмарина,1:41.71,291,3,True
522,05.01.2025,Рождественский Кубок 2025,Санкт-Петербург,25,100,Баттерфляй,60 - 64,КУЛДИН Сергей,м,61,Драфт,1:12.44,681,1,True
523,05.01.2025,Рождественский Кубок 2025,Санкт-Петербург,25,100,Баттерфляй,60 - 64,ЛОХОНЯ Максим,м,64,Невские звёзды,1:24.56,428,2,True
524,05.01.2025,Рождественский Кубок 2025,Санкт-Петербург,25,100,Баттерфляй,55 - 59,КУДИМОВ Владислав,м,58,Спрут,1:23.61,377,1,True
525,05.01.2025,Рождественский Кубок 2025,Санкт-Петербург,25,100,Баттерфляй,55 - 59,ИЛЯШЕНКОВ Игорь,м,57,АСМ,1:24.10,371,2,True
526,05.01.2025,Рождественский Кубок 2025,Санкт-Петербург,25,100,Баттерфляй,55 - 59,МУСТАФИН Ринат,м,56,АСМ,1:26.69,339,3,True
527,05.01.2025,Рождественский Кубок 2025,Санкт-Петербург,25,100,Баттерфляй,50 - 54,СЛИПЕНКО Константин,м,53,Фитнес Хаус,1:20.05,383,1,True
528,05.01.2025,Рождественский Кубок 2025,Санкт-Петербург,25,100,Баттерфляй,50 - 54,АЛЕКСЕЕВ Михаил,м,52,Невские звёзды,1:28.01,288,2,True
529,05.01.2025,Рождественский Кубок 2025,Санкт-Петербург,25,100,Баттерфляй,45 - 49,КОРЧИН Денис,м,48,Фитнес Хаус,1:14.45,436,1,True
530,05.01.2025,Рождественский Кубок 2025,Санкт-Петербург,25,100,Баттерфляй,45 - 49,ПРАВДИН Дмитрий,м,48,Гидра Мастерс,1:17.15,392,2,True
531,05.01.2025,Рождественский Кубок 2025,Санкт-Петербург,25,100,Баттерфляй,45 - 49,ШПРИЦ Михаил,м,48,Гравити Спорт,1:23.65,307,3,True
532,05.01.2025,Рождественский Кубок 2025,Санкт-Петербург,25,100,Баттерфляй,40 - 44,МОТОВ Александр,м,41,Гравити Спорт,1:05.89,600,2,True
533,05.01.2025,Рождественский Кубок 2025,Санкт-Петербург,25,100,Баттерфляй,40 - 44,КИСЕЛЕВ Александр,м,43,Гидра Мастерс,1:07.61,555,3,True
534,05.01.2025,Рождественский Кубок 2025,Санкт-Петербург,25,100,Баттерфляй,35 - 39,СМОРОДИН Максим,м,39,Невские звёзды,1:02.93,643,1,True
535,05.01.2025,Рождественский Кубок 2025,Санкт-Петербург,25,100,Баттерфляй,35 - 39,ЗИНОВЬЕВ Андрей,м,39,АСМ,1:04.40,600,2,True
536,05.01.2025,Рождественский Кубок 2025,Санкт-Петербург,25,100,Баттерфляй,35 - 39,ПРОХОРЕНКО Федор,м,39,Гидра Мастерс,1:04.60,595,3,True
537,05.01.2025,Рождественский Кубок 2025,Санкт-Петербург,25,100,Баттерфляй,30 - 34,КОЛЕСНИКОВ Станислав,м,32,Свимлайф Мастерс,58.42,756,1,True
538,05.01.2025,Рождественский Кубок 2025,Санкт-Петербург,25,100,Баттерфляй,30 - 34,ХМЕЛЕВСКИЙ Алексей,м,32,Летс Свим,1:02.62,614,3,True
539,05.01.2025,Рождественский Кубок 2025,Санкт-Петербург,25,100,Баттерфляй,30 - 34,МОРОЗОВ Александр,м,32,Гидра Мастерс,1:03.70,583,4,True
540,05.01.2025,Рождественский Кубок 2025,Санкт-Петербург,25,100,Баттерфляй,30 - 34,МОРДОВЦЕВ Артур,м,34,Джейси Мастерс,1:06.17,520,5,True
541,05.01.2025,Рождественский Кубок 2025,Санкт-Петербург,25,100,Баттерфляй,30 - 34,ШАФОРОСТОВ Максим,м,34,Невские звёзды,1:12.25,400,6,True
542,05.01.2025,Рождественский Кубок 2025,Санкт-Петербург,25,100,Баттерфляй,25 - 29,ФРОЛОВ Никита,м,28,Гидра Мастерс,1:01.98,615,2,True
543,05.01.2025,Рождественский Кубок 2025,Санкт-Петербург,25,100,На спине ,80 - 84,АНДРЮЩЕНКО Светлана,ж,83,Невские звёзды,2:14.99,541,1,True
544,05.01.2025,Рождественский Кубок 2025,Санкт-Петербург,25,100,На спине ,65 - 69,ГЛАДКОВА Лидия,ж,67,Невские звёзды,1:45.79,434,1,True
545,05.01.2025,Рождественский Кубок 2025,Санкт-Петербург,25,100,На спине ,60 - 64,КОЗЛОВА Светлана,ж,60,Невские звёзды,1:26.89,631,1,True
546,05.01.2025,Рождественский Кубок 2025,Санкт-Петербург,25,100,На спине ,60 - 64,ПУГАЧЕВА Мария,ж,61,Невские звёзды,1:35.27,478,2,True
547,05.01.2025,Рождественский Кубок 2025,Санкт-Петербург,25,100,На спине ,50 - 54,ВОЛЕРТ Татьяна,ж,50,ФИТкультура,1:36.44,346,1,True
548,05.01.2025,Рождественский Кубок 2025,Санкт-Петербург,25,100,На спине ,45 - 49,ГРИНЬ Ульяна,ж,48,Радуга,1:22.02,529,1,True
549,05.01.2025,Рождественский Кубок 2025,Санкт-Петербург,25,100,На спине ,45 - 49,КОРОЛЬКОВА Елена,ж,45,Невские звёзды,1:30.17,398,2,True
550,05.01.2025,Рождественский Кубок 2025,Санкт-Петербург,25,100,На спине ,40 - 44,ПОСТНИКОВА Екатерина,ж,42,Невские звёзды,1:27.90,400,1,True
551,05.01.2025,Рождественский Кубок 2025,Санкт-Петербург,25,100,На спине ,35 - 39,ДУБРОВСКАЯ Екатерина,ж,37,Гидра Мастерс,1:20.91,485,1,True
552,05.01.2025,Рождественский Кубок 2025,Санкт-Петербург,25,100,На спине ,35 - 39,ШАХОВА Мария,ж,38,Фитнес Хаус,1:25.98,404,2,True
553,05.01.2025,Рождественский Кубок 2025,Санкт-Петербург,25,100,На спине ,30 - 34,АЛЕКСЕЕВА Анастасия,ж,34,Невские звёзды,1:13.47,626,1,True
554,05.01.2025,Рождественский Кубок 2025,Санкт-Петербург,25,100,На спине ,75 - 79,КОРЕШКОВ Виктор,м,77,Посейдон,1:35.39,665,1,True
555,05.01.2025,Рождественский Кубок 2025,Санкт-Петербург,25,100,На спине ,75 - 79,АНДРЕЕВ Игорь,м,79,Невские звёзды,2:10.64,259,2,True
556,05.01.2025,Рождественский Кубок 2025,Санкт-Петербург,25,100,На спине ,70 - 74,ГРИЧЕНКОВ Иван,м,74,Гидра Мастерс,1:52.87,298,2,True
557,05.01.2025,Рождественский Кубок 2025,Санкт-Петербург,25,100,На спине ,65 - 69,МОНИН Андрей,м,65,Невские звёзды,1:14.19,846,1,True
558,05.01.2025,Рождественский Кубок 2025,Санкт-Петербург,25,100,На спине ,65 - 69,МУЗЫЧЕНКО Сергей,м,65,Джейси Мастерс,1:14.85,823,2,True
559,05.01.2025,Рождественский Кубок 2025,Санкт-Петербург,25,100,На спине ,55 - 59,ЗУБРИЧ Александр,м,56,Мэд Вейв,1:13.28,624,1,True
560,05.01.2025,Рождественский Кубок 2025,Санкт-Петербург,25,100,На спине ,55 - 59,ВАСИЛЬЕВ Дмитрий,м,58,Невские звёзды,1:13.94,608,2,True
561,05.01.2025,Рождественский Кубок 2025,Санкт-Петербург,25,100,На спине ,55 - 59,БЕЛОЗЕРЦЕВ Юрий,м,56,Касатка,1:18.78,502,3,True
562,05.01.2025,Рождественский Кубок 2025,Санкт-Петербург,25,100,На спине ,55 - 59,ЧЕРНЕНКО Андрей,м,56,Невские звёзды,1:19.46,490,4,True
563,05.01.2025,Рождественский Кубок 2025,Санкт-Петербург,25,100,На спине ,55 - 59,ХОРХОРИН Дмитрий,м,58,Фитнес Хаус,1:34.10,295,5,True
564,05.01.2025,Рождественский Кубок 2025,Санкт-Петербург,25,100,На спине ,50 - 54,ГАВРИЛОВ Алексей,м,51,Невские звёзды,1:09.88,647,1,True
565,05.01.2025,Рождественский Кубок 2025,Санкт-Петербург,25,100,На спине ,45 - 49,БОНДАРЕНКО Павел,м,49,Сириус СПб,1:10.25,565,1,True
566,05.01.2025,Рождественский Кубок 2025,Санкт-Петербург,25,100,На спине ,40 - 44,ТАРАБРИН Александр,м,40,Радуга,55.57,1084,1,True
567,05.01.2025,Рождественский Кубок 2025,Санкт-Петербург,25,100,На спине ,35 - 39,ЧЕРНИЦА Арсений,м,36,Свимлайф Мастерс,58.70,829,1,True
568,05.01.2025,Рождественский Кубок 2025,Санкт-Петербург,25,100,На спине ,30 - 34,ИОГИН Егор,м,31,Свимлайф Мастерс,56.22,891,1,True
569,05.01.2025,Рождественский Кубок 2025,Санкт-Петербург,25,100,На спине ,30 - 34,ТОКАРЕВ Вадим,м,32,Гидра Мастерс,1:01.57,678,2,True
570,05.01.2025,Рождественский Кубок 2025,Санкт-Петербург,25,100,На спине ,30 - 34,ГОЛОВНИН Александр,м,30,Фитнес Хаус,1:02.93,635,3,True
571,05.01.2025,Рождественский Кубок 2025,Санкт-Петербург,25,100,Комплексное плавание ,70 - 74,ШАНГИНА Ирина,ж,70,Невские звёзды,1:30.87,849,1,True
572,05.01.2025,Рождественский Кубок 2025,Санкт-Петербург,25,100,Комплексное плавание ,65 - 69,НАГОВИЦЫНА Лариса,ж,66,Цунами,1:24.32,878,1,True
573,05.01.2025,Рождественский Кубок 2025,Санкт-Петербург,25,100,Комплексное плавание ,65 - 69,КЕДРОВА Ольга,ж,65,Невские звёзды,1:29.54,734,2,True
574,05.01.2025,Рождественский Кубок 2025,Санкт-Петербург,25,100,Комплексное плавание ,60 - 64,ТИХОМИРОВА Татьяна,ж,61,Фитнес Хаус,1:22.39,750,1,True
575,05.01.2025,Рождественский Кубок 2025,Санкт-Петербург,25,100,Комплексное плавание ,60 - 64,ПРОКОФЬЕВА Татьяна,ж,60,Спартак,1:23.93,709,2,True
576,05.01.2025,Рождественский Кубок 2025,Санкт-Петербург,25,100,Комплексное плавание ,60 - 64,СМИРНОВА Любовь,ж,60,Гидра Мастерс,1:45.72,355,3,True
577,05.01.2025,Рождественский Кубок 2025,Санкт-Петербург,25,100,Комплексное плавание ,60 - 64,ПАВЛОВА Елена,ж,60,Невские звёзды,1:57.23,260,5,True
578,05.01.2025,Рождественский Кубок 2025,Санкт-Петербург,25,100,Комплексное плавание ,55 - 59,ПЛОТНИЦКАЯ Светлана,ж,57,Свимлайф Мастерс,1:20.86,697,1,True
579,05.01.2025,Рождественский Кубок 2025,Санкт-Петербург,25,100,Комплексное плавание ,55 - 59,ПРЕСНЯКОВА Светлана,ж,59,Невские звёзды,1:22.86,648,2,True
580,05.01.2025,Рождественский Кубок 2025,Санкт-Петербург,25,100,Комплексное плавание ,55 - 59,ШПАДИ Алла,ж,59,Фитнес Хаус,1:39.16,378,3,True
581,05.01.2025,Рождественский Кубок 2025,Санкт-Петербург,25,100,Комплексное плавание ,50 - 54,БРОНИЦКАЯ Оксана,ж,53,Цунами,1:17.12,701,1,True
582,05.01.2025,Рождественский Кубок 2025,Санкт-Петербург,25,100,Комплексное плавание ,50 - 54,ХОРС Елена,ж,50,Тройка,1:18.48,665,2,True
583,05.01.2025,Рождественский Кубок 2025,Санкт-Петербург,25,100,Комплексное плавание ,50 - 54,БАСКАКОВА Снежана,ж,51,Тройка,1:22.48,573,4,True
584,05.01.2025,Рождественский Кубок 2025,Санкт-Петербург,25,100,Комплексное плавание ,50 - 54,ВЕРБИНА Юлия,ж,52,Тройка,1:23.12,560,5,True
585,05.01.2025,Рождественский Кубок 2025,Санкт-Петербург,25,100,Комплексное плавание ,50 - 54,ГОЛОВНИНА Анастасия,ж,51,Фитнес Хаус,1:29.29,451,6,True
586,05.01.2025,Рождественский Кубок 2025,Санкт-Петербург,25,100,Комплексное плавание ,50 - 54,ВОЛЕРТ Татьяна,ж,50,ФИТкультура,1:36.16,361,7,True
587,05.01.2025,Рождественский Кубок 2025,Санкт-Петербург,25,100,Комплексное плавание ,45 - 49,БОГАЧЕВА Мария,ж,49,Фитнес Хаус,1:19.32,594,1,True
588,05.01.2025,Рождественский Кубок 2025,Санкт-Петербург,25,100,Комплексное плавание ,45 - 49,БАРАНОВА Мария,ж,45,Невские звёзды,1:36.92,325,2,True
589,05.01.2025,Рождественский Кубок 2025,Санкт-Петербург,25,100,Комплексное плавание ,45 - 49,КОСТЕРЕВА Екатерина,ж,49,Фитнес Хаус,1:48.96,229,3,True
590,05.01.2025,Рождественский Кубок 2025,Санкт-Петербург,25,100,Комплексное плавание ,45 - 49,АСТАХОВА Ольга,ж,45,ФИТкультура,1:49.50,226,4,True
591,05.01.2025,Рождественский Кубок 2025,Санкт-Петербург,25,100,Комплексное плавание ,40 - 44,КУЧМАСОВА Елена,ж,43,Драфт,1:14.72,680,1,True
592,05.01.2025,Рождественский Кубок 2025,Санкт-Петербург,25,100,Комплексное плавание ,35 - 39,БРЫНЦЕВА Евгения,ж,37,Мэд Вейв,1:11.08,764,1,True
593,05.01.2025,Рождественский Кубок 2025,Санкт-Петербург,25,100,Комплексное плавание ,35 - 39,ЛЕБЕДЕВА Евгения,ж,38,ТимКулик Мастерс,1:22.45,489,2,True
594,05.01.2025,Рождественский Кубок 2025,Санкт-Петербург,25,100,Комплексное плавание ,35 - 39,МАРЧЕНКОВА Алина,ж,36,Драфт,1:23.81,466,3,True
595,05.01.2025,Рождественский Кубок 2025,Санкт-Петербург,25,100,Комплексное плавание ,35 - 39,ШАХОВА Мария,ж,38,Фитнес Хаус,1:30.34,372,4,True
596,05.01.2025,Рождественский Кубок 2025,Санкт-Петербург,25,100,Комплексное плавание ,35 - 39,ХАУСТОВА Светлана,ж,36,Сириус СПб,1:35.79,312,5,True
597,05.01.2025,Рождественский Кубок 2025,Санкт-Петербург,25,100,Комплексное плавание ,35 - 39,ИВАННИКОВА Анна,ж,39,Дримтим,1:38.82,284,6,True
598,05.01.2025,Рождественский Кубок 2025,Санкт-Петербург,25,100,Комплексное плавание ,30 - 34,СЕМЕНОВА София,ж,30,Свимлайф Мастерс,1:11.70,685,1,True
599,05.01.2025,Рождественский Кубок 2025,Санкт-Петербург,25,100,Комплексное плавание ,30 - 34,СТРУГОВА Мария,ж,30,Гидра Мастерс,1:15.96,576,2,True
600,05.01.2025,Рождественский Кубок 2025,Санкт-Петербург,25,100,Комплексное плавание ,30 - 34,СОРОКИНА Татьяна,ж,30,Фитнес Хаус,1:20.94,476,3,True
601,05.01.2025,Рождественский Кубок 2025,Санкт-Петербург,25,100,Комплексное плавание ,30 - 34,ЛОГАЧЕВА Анастасия,ж,34,Гидра Мастерс,1:36.19,284,5,True
602,05.01.2025,Рождественский Кубок 2025,Санкт-Петербург,25,100,Комплексное плавание ,25 - 29,БАХИРЕВА Кристина,ж,29,Фитнес Хаус,1:09.73,739,1,True
603,05.01.2025,Рождественский Кубок 2025,Санкт-Петербург,25,100,Комплексное плавание ,25 - 29,ВАРЛАМОВА Дарья,ж,26,Свимлайф Мастерс,1:10.80,706,3,True
604,05.01.2025,Рождественский Кубок 2025,Санкт-Петербург,25,100,Комплексное плавание ,25 - 29,ГИЛЯЗЕВА Елена,ж,25,Фитнес Хаус,1:13.03,643,4,True
605,05.01.2025,Рождественский Кубок 2025,Санкт-Петербург,25,100,Комплексное плавание ,25 - 29,КОНОВАЛОВА Антонина,ж,26,Тройка,1:15.70,577,6,True
606,05.01.2025,Рождественский Кубок 2025,Санкт-Петербург,25,100,Комплексное плавание ,25 - 29,КОСТЕРЕВА Анастасия,ж,27,Фитнес Хаус,1:30.36,339,8,True
607,05.01.2025,Рождественский Кубок 2025,Санкт-Петербург,25,100,Комплексное плавание ,75 - 79,КОРЕШКОВ Виктор,м,77,Посейдон,1:36.75,618,1,True
608,05.01.2025,Рождественский Кубок 2025,Санкт-Петербург,25,100,Комплексное плавание ,75 - 79,ЕРШОВ Олег,м,75,Мещера,1:46.00,469,2,True
609,05.01.2025,Рождественский Кубок 2025,Санкт-Петербург,25,100,Комплексное плавание ,75 - 79,БУРЦЕВ Владимир,м,79,Таврида Мастерс,1:46.67,461,3,True
610,05.01.2025,Рождественский Кубок 2025,Санкт-Петербург,25,100,Комплексное плавание ,70 - 74,ГЕТЬМАН Владимир,м,72,SD Riba,1:25.36,678,1,True
611,05.01.2025,Рождественский Кубок 2025,Санкт-Петербург,25,100,Комплексное плавание ,65 - 69,ДЕРЕВЯНКИН Виталий,м,65,Невские звёзды,1:23.54,604,1,True
612,05.01.2025,Рождественский Кубок 2025,Санкт-Петербург,25,100,Комплексное плавание ,65 - 69,БЕРСЕНЕВ Эдуард,м,69,Цунами,1:31.45,460,2,True
613,05.01.2025,Рождественский Кубок 2025,Санкт-Петербург,25,100,Комплексное плавание ,65 - 69,ЛАПИКОВ Александр,м,69,Желтая субмарина,1:36.88,387,3,True
614,05.01.2025,Рождественский Кубок 2025,Санкт-Петербург,25,100,Комплексное плавание ,60 - 64,ГРЯЗНУХИН Константин,м,62,Мэд Вейв,1:11.25,814,1,True
615,05.01.2025,Рождественский Кубок 2025,Санкт-Петербург,25,100,Комплексное плавание ,60 - 64,НЕНИШИН Юрий,м,61,АСМ,1:12.29,780,2,True
616,05.01.2025,Рождественский Кубок 2025,Санкт-Петербург,25,100,Комплексное плавание ,60 - 64,КОВАЛЬ Евгений,м,61,МКМП,1:22.93,516,4,True
617,05.01.2025,Рождественский Кубок 2025,Санкт-Петербург,25,100,Комплексное плавание ,55 - 59,ЛЕБЕДЕВ Павел,м,57,Мэд Вейв,1:04.87,887,1,True
618,05.01.2025,Рождественский Кубок 2025,Санкт-Петербург,25,100,Комплексное плавание ,55 - 59,ТИТОВ Константин,м,57,АСМ,1:24.80,397,2,True
619,05.01.2025,Рождественский Кубок 2025,Санкт-Петербург,25,100,Комплексное плавание ,50 - 54,ИВАНОВ Михаил,м,51,Невские звёзды,1:19.73,433,1,True
620,05.01.2025,Рождественский Кубок 2025,Санкт-Петербург,25,100,Комплексное плавание ,50 - 54,КАРНАУШЕНКО Сергей,м,53,Фитнес Хаус,1:29.14,309,2,True
621,05.01.2025,Рождественский Кубок 2025,Санкт-Петербург,25,100,Комплексное плавание ,45 - 49,АЛЕКСЕЕВ Андрей,м,46,АСМ,1:05.27,733,1,True
622,05.01.2025,Рождественский Кубок 2025,Санкт-Петербург,25,100,Комплексное плавание ,45 - 49,СЛАБЧУК Юрий,м,46,Гидра Мастерс,1:05.81,715,2,True
623,05.01.2025,Рождественский Кубок 2025,Санкт-Петербург,25,100,Комплексное плавание ,45 - 49,МАРКОВ Сергей,м,46,Свимлайф Мастерс,1:08.97,621,3,True
624,05.01.2025,Рождественский Кубок 2025,Санкт-Петербург,25,100,Комплексное плавание ,45 - 49,ГОЛЫШЕВ Сергей,м,47,Фитнес Хаус,1:17.37,440,4,True
625,05.01.2025,Рождественский Кубок 2025,Санкт-Петербург,25,100,Комплексное плавание ,40 - 44,КОВАЛЁВ Иван,м,40,Тройка,1:01.95,806,1,True
626,05.01.2025,Рождественский Кубок 2025,Санкт-Петербург,25,100,Комплексное плавание ,40 - 44,СКЛЯРОВ Валентин,м,42,Гидра Мастерс,1:02.76,775,2,True
627,05.01.2025,Рождественский Кубок 2025,Санкт-Петербург,25,100,Комплексное плавание ,40 - 44,БАРАНОВ Вадим,м,42,Невские звёзды,1:03.36,753,3,True
628,05.01.2025,Рождественский Кубок 2025,Санкт-Петербург,25,100,Комплексное плавание ,40 - 44,ДРУЖИНИН Дмитрий,м,41,Гидра Мастерс,1:06.92,639,4,True
629,05.01.2025,Рождественский Кубок 2025,Санкт-Петербург,25,100,Комплексное плавание ,40 - 44,САЛОВ Антон,м,40,Драфт,1:09.04,582,5,True
630,05.01.2025,Рождественский Кубок 2025,Санкт-Петербург,25,100,Комплексное плавание ,40 - 44,КИСЕЛЕВ Александр,м,43,Гидра Мастерс,1:09.51,570,7,True
631,05.01.2025,Рождественский Кубок 2025,Санкт-Петербург,25,100,Комплексное плавание ,40 - 44,ПЕТРОВ Дмитрий,м,41,Фитнес Хаус,1:09.82,563,8,True
632,05.01.2025,Рождественский Кубок 2025,Санкт-Петербург,25,100,Комплексное плавание ,35 - 39,СЛЕПЦОВ Александр,м,36,Невские звёзды,1:08.21,542,1,True
633,05.01.2025,Рождественский Кубок 2025,Санкт-Петербург,25,100,Комплексное плавание ,35 - 39,ВАСИЛЬЕВ Константин,м,36,Гидра Мастерс,1:08.90,526,3,True
634,05.01.2025,Рождественский Кубок 2025,Санкт-Петербург,25,100,Комплексное плавание ,35 - 39,МАРТЫНОВ Максим,м,38,Невские звёзды,1:10.74,486,4,True
635,05.01.2025,Рождественский Кубок 2025,Санкт-Петербург,25,100,Комплексное плавание ,35 - 39,КАРПОВ Виталий,м,36,Фитнес Хаус,1:13.39,435,5,True
636,05.01.2025,Рождественский Кубок 2025,Санкт-Петербург,25,100,Комплексное плавание ,35 - 39,ЕЛИЗАРОВ Павел,м,37,Плыви Москва,1:14.46,416,6,True
637,05.01.2025,Рождественский Кубок 2025,Санкт-Петербург,25,100,Комплексное плавание ,35 - 39,БУДНИКОВ Дмитрий,м,38,Волна,1:16.00,391,7,True
638,05.01.2025,Рождественский Кубок 2025,Санкт-Петербург,25,100,Комплексное плавание ,35 - 39,КУРАПЦЕВ Алексей,м,36,Гидра Мастерс,1:18.20,359,8,True
639,05.01.2025,Рождественский Кубок 2025,Санкт-Петербург,25,100,Комплексное плавание ,35 - 39,БОГОЯВЛЕНСКИЙ Николай,м,35,Гидра Мастерс,1:18.60,354,9,True
640,05.01.2025,Рождественский Кубок 2025,Санкт-Петербург,25,100,Комплексное плавание ,30 - 34,ТИХОМИРОВ Павел,м,34,Драфт,1:01.15,734,1,True
641,05.01.2025,Рождественский Кубок 2025,Санкт-Петербург,25,100,Комплексное плавание ,30 - 34,ТИХОМИРОВ Александр,м,34,Гравити Спорт,1:02.49,688,3,True
642,05.01.2025,Рождественский Кубок 2025,Санкт-Петербург,25,100,Комплексное плавание ,30 - 34,ХМЕЛЕВСКИЙ Алексей,м,32,Летс Свим,1:04.15,636,4,True
643,05.01.2025,Рождественский Кубок 2025,Санкт-Петербург,25,100,Комплексное плавание ,30 - 34,БАХАРЕВ Григорий,м,33,Гидра Мастерс,1:07.34,549,5,True
644,05.01.2025,Рождественский Кубок 2025,Санкт-Петербург,25,100,Комплексное плавание ,30 - 34,ШАФОРОСТОВ Максим,м,34,Невские звёзды,1:11.10,467,6,True
645,05.01.2025,Рождественский Кубок 2025,Санкт-Петербург,25,100,Комплексное плавание ,30 - 34,КОСАРЕВ Иван,м,33,Драфт,1:11.20,465,7,True
646,05.01.2025,Рождественский Кубок 2025,Санкт-Петербург,25,100,Комплексное плавание ,30 - 34,ЮРИН Павел,м,31,Фитнес Хаус,1:15.18,395,9,True
